,Day,,,,,,,,,Last week,,,,,,,Day of Week,,,,,,
Date,Time,Percent,#,Spacing,# >60 dB,# >50 dB,Longest,Loudest,dB at Source,Avg time,Avg Percent,Avg Spacing,Avg dB,Total >60 dB,Total >50 dB,Day of Week,dB,Time,%,#,>50,>60,
8/1,4m 13s,7.02777777777778,,0:04:17,,,,,36,,,,,,,Friday,,,,,,,1h
8/2,6m 34s,10.9444444444444,,0:02:51,,,,,36,,,,,,,Saturday,,,,,,,
8/3,1m 16s,2.11111111111111,,0:06:00,,,,,36,,,,,,,Sunday,,,,,,,
8/4,0m 35s,0.972222222222222,,0:15:00,,,,,36,,,,,,,Monday,,,,,,,
8/5,1m 40s,2.77777777777778,,0:06:40,,,,,36,,,,,,,Tuesday,,,,,,,
8/6,4m 47s,7.97222222222222,,0:02:44,,,,,36,,,,,,,Wednesday,,,,,,,
8/7,3m 42s,6.16666666666667,19,0h 3m 9s 474ms,,,31,58,94,3m 15s,5.42460317460317,0:05:49,,,,Thursday,,,,,,,
8/8,3m 17s,5.47222222222222,15,0h 4m,,,44,63,99,3m 7s,5.20238095238095,0:05:46,96.5,,,Friday,,,,,,,
8/9,2m 43s,4.52777777777778,15,0h 4m,,,35,59,95,2m 34s,4.28571428571429,0:05:56,96,,,Saturday,,,,,,,
8/10,5m 4s,8.44444444444444,8,0h 7m 30s,,,122,68,104,3m 7s,5.19047619047619,0:06:09,98,,,Sunday,,,,,,,
8/11,2m 58s,4.94444444444444,13,0h 4m 36s 923ms,,,36,66,102,3m 27s,5.75793650793651,0:04:40,98.8,,,Monday,,,,,,,
8/12,4m 23s,7.30555555555556,16,0h 3m 45s,,,63,62,98,3m 51s,6.4047619047619,0:04:15,98.6666666666667,,,Tuesday,,,,,,,
8/13,2m 21s,3.91666666666667,12,0h 5m,,,28,63,99,3m 30s,5.82539682539683,0:04:34,98.7142857142857,,,Wednesday,,,,,,,
8/14,0m 58s,1.61111111111111,6,0h 10m,,,13,50,86,3m 6s,5.17460317460317,0:05:33,97.5714285714286,,,Thursday,,,,,,,
8/15,3m 20s,5.55555555555556,17,0h 3m 31s 765ms,,,34,68,104,3m 7s,5.18650793650794,0:05:29,98.2857142857143,,,Friday,,,,,,,
8/16,3m 45s,10.986328125,11,3m 6s 182ms,,,78,65,101,3m 16s,6.10915798611111,0:05:21,99.1428571428571,,,Saturday,,,,,,,34m 8s
8/17,0m 26s,0.722222222222222,3,0h 20m,,,12,47,83,2m 36s,5.00598338293651,0:07:09,96.1428571428571,,,Sunday,,,,,,,
8/18,1m 19s,2.19444444444444,5,0h 12m,,,32,49,85,2m 22s,4.61312624007937,0:08:12,93.7142857142857,,,Monday,,,,,,,
8/19,2m 25s,4.02777777777778,10,0h 6m,1,1,30,61,97,2m 5s,4.1448722718254,0:08:31,93.5714285714286,,,Tuesday,,,,,,,
8/20,2m 48s,4.66666666666667,11,0h 5m 27s 273ms,1,1,56,65,101,2m 9s,4.25201512896825,0:08:35,93.8571428571429,,,Wednesday,,,,,,,
8/21,1m 43s,2.86111111111111,7,0h 8m 34s 286ms,0,1,42,54,90,2m 15s,4.43058655753968,0:08:23,94.4285714285714,,,Thursday,,,,,,,
8/22,2m 59s,4.97222222222222,16,0h 3m 45s,0,1,44,56,92,2m 12s,4.34725322420635,0:08:25,92.7142857142857,,,Friday,,,,,,,
8/23,4m 20s,7.22222222222222,16,0h 3m 45s,1,1,68,63,99,2m 17s,3.80952380952381,0:08:30,92.4285714285714,,,Saturday,,,,,,,
8/24,2m 46s,4.61111111111111,8,0h 7m 30s,0,1,47,58,94,2m 37s,4.36507936507936,0:06:43,94,,,Sunday,,,,,,,
8/25,2m 59s,4.97222222222222,10,0h 6m,1,1,50,71,107,2m 51s,4.76190476190476,0:05:52,97.1428571428571,,,Monday,,,,,,,
8/26,5m 31s,9.19444444444444,15,0h 4m,1,1,42,64,100,3m 18s,5.5,0:05:35,97.5714285714286,,,Tuesday,,,,,,,
8/27,1m 6s,1.83333333333333,6,0h 10m,0,1,19,52,88,3m 3s,5.09523809523809,0:06:13,95.7142857142857,3,7,Wednesday,,,,,,,
8/28,3m 36s,6,11,0h 5m 27s 273ms,1,1,54,60,96,3m 20s,5.54365079365079,0:05:47,96.5714285714286,4,7,Thursday,,,,,,,
8/29,4m 43s,7.86111111111111,14,0h 4m 17s 143ms,1,1,41,60,96,3m 34s,5.9563492063492,0:05:51,97.1428571428571,5,7,Friday,,,,,,,
8/30,6m 44s,11.2222222222222,22,0h 2m 43s 636ms,2,2,65,66,102,3m 55s,6.52777777777777,0:05:43,97.5714285714286,6,8,Saturday,,,,,,,
8/31,6m 12s,10.3333333333333,15,0h 4m,0,1,100,58,94,4m 24s,7.34523809523809,0:05:13,97.5714285714286,6,8,Sunday,,,,,,,
9/1,0m 53s,1.47222222222222,4,0h 15m,0,1,27,56,92,3m 11s,5.46571858723958,0:06:24,84.8125,9,15,Monday,,,,,,,1h
9/2,1m 22s,2.27777777777778,4,0h 15m,0,1,30,58,94,3m 8s,5.36911432028619,0:06:39,85.0909090909091,9,16,Tuesday,,,,,,,
9/3,1m 4s,1.77777777777778,5,0h 12m,0,1,22,53,89,3m 4s,5.2634867749183,0:06:49,85.2058823529412,9,17,Wednesday,57.2380952380952,,,,,,
9/4,2m 40s,4.44444444444444,11,0h 5m 27s 273ms,0,1,34,54,90,3m 4s,5.24008556547619,0:06:47,85.3428571428571,9,18,Thursday,56.5652173913043,,,,,,
9/5,2m 39s,4.41666666666667,9,0h 6m 40s,1,1,44,61,97,3m 3s,5.21721281828703,0:06:46,85.6666666666667,10,19,Friday,57.6,,,,,,
9/6,5m 2s,8.38888888888889,12,0h 5m,0,1,103,57,93,3m 6s,5.30293379316817,0:06:43,85.8648648648649,10,20,Saturday,59.0975609756098,,,,,,
9/7,3m 25s,5.69444444444444,12,0h 5m,0,1,42,55,91,2m 26s,4.06746031746032,0:09:10,92.2857142857143,1,7,Sunday,57.4666666666667,,,,,,
9/8,1m 50s,3.05555555555556,6,0h 10m,0,1,29,59,95,2m 35s,4.29365079365079,0:08:27,92.7142857142857,1,7,Monday,55.6041666666667,,,,,,
9/9,1m 23s,2.30555555555556,8,0h 7m 30s,0,2,19,53,89,2m 35s,4.29761904761905,0:07:22,92,1,8,Tuesday,55.6888888888889,,,,,,
9/10,2m 0s,3.33333333333333,9,0h 6m 40s,1,2,34,64,100,2m 43s,4.51984126984127,0:06:37,93.5714285714286,2,9,Wednesday,57.2380952380952,,,,,,
9/11,2m 50s,4.72222222222222,12,0h 5m,1,3,83,62,98,2m 44s,4.55952380952381,0:06:33,94.7142857142857,3,11,Thursday,56.5652173913043,,,,,,
9/12,5m 37s,9.36111111111111,21,0h 2m 51s 429ms,2,6,65,72,108,3m 10s,5.26587301587302,0:06:00,96.2857142857143,4,16,Friday,57.6,,,,,,
9/13,3m 59s,6.63888888888889,17,0h 3m 31s 765ms,1,8,32,61,97,3m 1s,5.01587301587302,0:05:48,60.8571428571429,5,23,Saturday,59.0975609756098,0d 0h 4m 41s 500ms,8.03931614393466,13.7560975609756,3.8974358974359,0.717948717948718,
9/14,3m 6s,5.16666666666667,11,0h 5m 27s 273ms,0,2,45,54,90,2m 58s,4.94047619047619,0:05:51,60.7142857142857,5,24,Sunday,57.4666666666667,3m 54s 348ms,6.37115839243498,9.64444444444444,3.06976744186047,0.558139534883721,
9/15,1m 56s,3.22222222222222,5,0h 12m,1,3,50,63,99,2m 59s,4.96428571428571,0:06:09,61.2857142857143,6,26,Monday,55.6041666666667,3m 1s 531ms,4.92006475099185,8.54761904761905,2.02173913043478,0.260869565217391,
9/16,1m 2s,1.72222222222222,4,0h 15m,0,2,19,53,89,2m 56s,4.88095238095238,0:07:13,61.2857142857143,6,26,Tuesday,55.6888888888889,3m 26s 174ms,5.60863553236094,10.5111111111111,2.61363636363636,0.340909090909091,
9/17,3m 1s,5.02777777777778,11,0h 5m 27s 273ms,2,6,51,66,102,3m 4s,5.12301587301587,0:07:03,61.5714285714286,7,30,Wednesday,57.2380952380952,3m 15s 558ms,5.19074074074074,9.97619047619048,2.46341463414634,0.439024390243902,
9/18,1m 27s,2.41666666666667,8,0h 7m 30s,1,3,24,60,96,2m 53s,4.79365079365079,0:07:24,61.2857142857143,7,30,Thursday,56.5652173913043,3m 12s 152ms,5.19406708696023,10.0869565217391,2.52272727272727,0.431818181818182,
9/19,3m 31s,5.86111111111111,15,0h 4m,0,4,25,57,93,2m 35s,4.29365079365079,0:07:34,59.1428571428571,5,28,Friday,57.6,4m 41s 805ms,7.56366663052709,13,3.05263157894737,0.421052631578947,
9/20,2m 38s,4.38888888888889,11,0h 5m 27s 273ms,0,3,30,56,92,2m 23s,3.97222222222222,0:07:50,58.4285714285714,4,23,Saturday,59.0975609756098,0d 0h 4m 41s 500ms,8.03931614393466,13.7560975609756,3.8974358974359,0.717948717948718,
9/21,2m 22s,3.94444444444444,7,0h 8m 34s 286ms,0,4,41,57,93,2m 17s,3.79761904761905,0:08:17,58.8571428571429,4,25,Sunday,57.4666666666667,3m 54s 348ms,6.37115839243498,9.64444444444444,3.06976744186047,0.558139534883721,
9/22,1m 7s,1.86111111111111,4,0h 15m,0,2,27,56,92,2m 10s,3.6031746031746,0:08:43,57.8571428571429,3,24,Monday,55.6041666666667,3m 1s 531ms,4.92006475099185,8.54761904761905,2.02173913043478,0.260869565217391,
9/23,4m 12s,7,16,0h 3m 45s,1,5,52,60,96,2m 37s,4.35714285714286,0:07:06,58.8571428571429,4,27,Tuesday,55.6888888888889,3m 26s 174ms,5.60863553236094,10.5111111111111,2.61363636363636,0.340909090909091,
9/24,1m 26s,2.38888888888889,6,0h 10m,0,2,52,53,89,2m 23s,3.98015873015873,0:07:45,57,2,23,Wednesday,57.2380952380952,3m 15s 558ms,5.19074074074074,9.97619047619048,2.46341463414634,0.439024390243902,
9/25,3m 9s,5.25,12,0h 5m,0,4,41,54,90,2m 38s,4.38492063492063,0:07:24,56.1428571428571,1,24,Thursday,56.5652173913043,3m 12s 152ms,5.19406708696023,10.0869565217391,2.52272727272727,0.431818181818182,
9/26,2m 34s,4.27777777777778,13,0h 4m 36s 923ms,0,4,39,54,90,2m 30s,4.15873015873016,0:07:29,55.7142857142857,1,24,Friday,57.6,4m 41s 805ms,7.56366663052709,13,3.05263157894737,0.421052631578947,
9/27,5m 53s,9.97175141242938,16,3m 41s 250ms,1,5,72,69,105,2m 58s,4.95628194780737,0:07:14,57.5714285714286,2,26,Saturday,59.0975609756098,0d 0h 4m 41s 500ms,8.03931614393466,13.7560975609756,3.8974358974359,0.717948717948718,59m
9/28,2m 10s,3.61111111111111,9,0h 6m 40s,1,3,31,63,99,2m 56s,4.90866290018832,0:06:58,58.4285714285714,3,25,Sunday,57.4666666666667,3m 54s 348ms,6.37115839243498,9.64444444444444,3.06976744186047,0.558139534883721,
9/29,2m 33s,4.25,9,0h 6m 40s,1,3,30,62,98,3m 8s,5.24993274145817,0:05:46,59.2857142857143,4,26,Monday,55.6041666666667,3m 1s 531ms,4.92006475099185,8.54761904761905,2.02173913043478,0.260869565217391,
9/30,9s,0.25,1,1h,0,0,9,41,77,2m 33s,4.28564702717245,0:13:48,56.5714285714286,3,21,Tuesday,55.6888888888889,3m 26s 174ms,5.60863553236094,10.5111111111111,2.61363636363636,0.340909090909091,
10/1,3m 49s,6.36111111111111,15,0h 4m,0,3,36,55,91,2m 54s,4.85310734463277,0:12:57,56.8571428571429,3,22,Wednesday,57.2380952380952,3m 15s 558ms,5.19074074074074,9.97619047619048,2.46341463414634,0.439024390243902,
10/2,1m 26s,2.38888888888889,9,0h 6m 40s,0,1,16,54,90,2m 39s,4.44437718590261,0:13:11,56.8571428571429,3,19,Thursday,56.5652173913043,3m 12s 152ms,5.19406708696023,10.0869565217391,2.52272727272727,0.431818181818182,
10/3,1m 16s,2.11111111111111,7,0h 8m 34s 286ms,0,0,25,49,85,2m 28s,4.1348533763788,0:13:45,56.1428571428571,3,15,Friday,57.6,4m 41s 805ms,7.56366663052709,13,3.05263157894737,0.421052631578947,
10/4,1m 33s,2.58333333333333,5,0h 12m,0,2,28,54,90,1m 51s,3.07936507936508,0:14:56,54,2,12,Saturday,59.0975609756098,0d 0h 4m 41s 500ms,8.03931614393466,13.7560975609756,3.8974358974359,0.717948717948718,
10/5,5m 21s,8.91666666666667,7,0h 8m 34s 286ms,0,1,134,55,91,2m 18s,3.83730158730159,0:15:13,52.8571428571429,1,10,Sunday,57.4666666666667,3m 54s 348ms,6.37115839243498,9.64444444444444,3.06976744186047,0.558139534883721,
10/6,3s,0.0833333333333333,1,1h,0,0,3,49,85,1m 57s,3.24206349206349,0:22:50,51,0,7,Monday,55.6041666666667,3m 1s 531ms,4.92006475099185,8.54761904761905,2.02173913043478,0.260869565217391,
10/7,1m 36s,2.66666666666667,7,0h 8m 34s 286ms,0,0,18,49,85,2m 9s,3.58730158730159,0:15:29,52.1428571428571,0,7,Tuesday,55.6888888888889,3m 26s 174ms,5.60863553236094,10.5111111111111,2.61363636363636,0.340909090909091,
10/8,5m 49s,9.69444444444444,15,0h 4m,0,2,48,57,93,2m 26s,4.06349206349206,0:15:29,52.4285714285714,0,6,Wednesday,57.2380952380952,3m 15s 558ms,5.19074074074074,9.97619047619048,2.46341463414634,0.439024390243902,
10/9,2m 47s,4.9702380952381,9,6m 13s 333ms,0,1,46,51,87,2m 38s,4.43225623582766,0:15:25,52,0,6,Thursday,56.5652173913043,3m 12s 152ms,5.19406708696023,10.0869565217391,2.52272727272727,0.431818181818182,56m
10/10,2m 50s,4.72222222222222,14,0h 4m 17s 143ms,0,1,33,51,87,2m 51s,4.80527210884354,0:14:48,52.2857142857143,0,7,Friday,57.6,4m 41s 805ms,7.56366663052709,13,3.05263157894737,0.421052631578947,
10/11,3m 4s,5.11111111111111,5,0h 12m,2,4,72,66,102,3m 4s,5.16638321995465,0:14:48,54,2,9,Saturday,59.0975609756098,0d 0h 4m 41s 500ms,8.03931614393466,13.7560975609756,3.8974358974359,0.717948717948718,
10/12,55s,1.52777777777778,5,0h 12m,0,2,24,56,92,2m 26s,4.11082766439909,0:15:18,54.1428571428571,2,10,Sunday,57.4666666666667,3m 54s 348ms,6.37115839243498,9.64444444444444,3.06976744186047,0.558139534883721,
10/13,2m 23s,3.97222222222222,4,0h 15m,1,3,72,60,96,2m 46s,4.66638321995465,0:08:52,55.7142857142857,3,13,Monday,55.6041666666667,3m 1s 531ms,4.92006475099185,8.54761904761905,2.02173913043478,0.260869565217391,
10/14,44s,1.38364779874214,6,8m 50s,0,1,9,51,87,2m 39s,4.48309481025114,0:08:54,56,3,14,Tuesday,55.6888888888889,3m 26s 174ms,5.60863553236094,10.5111111111111,2.61363636363636,0.340909090909091,53m
10/15,44s,1.22222222222222,3,0h 20m,0,1,28,54,90,1m 55s,3.27277734993368,0:11:11,55.5714285714286,3,13,Wednesday,57.2380952380952,3m 15s 558ms,5.19074074074074,9.97619047619048,2.46341463414634,0.439024390243902,
10/16,57s,1.58333333333333,6,0h 10m,0,1,29,57,93,1m 40s,2.78893381251872,0:11:44,56.4285714285714,3,13,Thursday,56.5652173913043,3m 12s 152ms,5.19406708696023,10.0869565217391,2.52272727272727,0.431818181818182,
10/17,2m 18s,3.83333333333333,12,0h 5m,1,1,38,61,97,1m 35s,2.66194968553459,0:11:50,57.8571428571429,4,13,Friday,57.6,4m 41s 805ms,7.56366663052709,13,3.05263157894737,0.421052631578947,
10/18,57s,1.58333333333333,5,0h 12m,0,3,18,55,91,1m 17s,2.15798143156634,0:11:50,56.2857142857143,2,12,Saturday,59.0975609756098,0d 0h 4m 41s 500ms,8.03931614393466,13.7560975609756,3.8974358974359,0.717948717948718,10.7889170231543
10/19,1m 24s,2.33333333333333,7,0h 8m 34s 286ms,0,2,21,53,89,1m 21s,2.2730607966457,0:11:21,55.8571428571429,2,12,Sunday,57.4666666666667,3m 54s 348ms,6.37115839243498,9.64444444444444,3.06976744186047,0.558139534883721,0h 5m 33s 676ms
10/20,3m 7s,5.19444444444444,11,0h 5m 27s 273ms,0,4,41,55,91,1m 27s,2.44766397124887,0:09:59,55.1428571428571,1,13,Monday,55.6041666666667,3m 1s 531ms,4.92006475099185,8.54761904761905,2.02173913043478,0.260869565217391,
10/21,9s,0.25,1,1h,0,0,9,43,79,1m 22s,2.28571428571428,0:17:17,54,1,12,Tuesday,55.6888888888889,3m 26s 174ms,5.60863553236094,10.5111111111111,2.61363636363636,0.340909090909091,
10/22,1m 2s,1.72222222222222,5,0h 12m,0,1,28,51,87,1m 25s,2.35714285714285,0:16:09,53.5714285714286,1,12,Wednesday,57.2380952380952,3m 15s 558ms,5.19074074074074,9.97619047619048,2.46341463414634,0.439024390243902,
10/23,1m 44s,2.88888888888889,7,0h 8m 34s 286ms,0,0,36,49,85,1m 32s,2.54365079365079,0:15:57,52.4285714285714,1,11,Thursday,56.5652173913043,3m 12s 152ms,5.19406708696023,10.0869565217391,2.52272727272727,0.431818181818182,
10/24,30s,1.04166666666667,1,48m,0,0,30,42,78,1m 16s,2.14484126984127,0:22:05,49.7142857142857,0,10,Friday,57.6,4m 41s 805ms,7.56366663052709,13,3.05263157894737,0.421052631578947,48m
10/25,0w,0,0,1h,0,0,0,35,71,1m 8s,1.91865079365079,0:28:57,46.8571428571429,0,7,Saturday,59.0975609756098,0d 0h 4m 41s 500ms,8.03931614393466,13.7560975609756,3.8974358974359,0.717948717948718,
10/26,1m 4s,1.77777777777778,7,0h 8m 34s 286ms,0,2,31,57,93,1m 5s,1.83928571428571,0:28:57,47.4285714285714,0,7,Sunday,57.4666666666667,3m 54s 348ms,6.37115839243498,9.64444444444444,3.06976744186047,0.558139534883721,
10/27,3m 23s,5.63888888888889,11,0h 5m 27s 273ms,2,3,54,70,106,1m 7s,1.90277777777778,0:28:57,49.5714285714286,2,6,Monday,55.6041666666667,3m 1s 531ms,4.92006475099185,8.54761904761905,2.02173913043478,0.260869565217391,
10/28,1m 37s,2.69444444444444,7,0h 8m 34s 286ms,0,0,32,49,85,1m 20s,2.25198412698413,0:21:36,50.4285714285714,2,6,Tuesday,55.6888888888889,3m 26s 174ms,5.60863553236094,10.5111111111111,2.61363636363636,0.340909090909091,
10/29,3m 23s,5.63888888888889,9,0h 6m 40s,0,2,55,58,94,1m 40s,2.81150793650794,0:20:50,51.4285714285714,2,7,Wednesday,57.2380952380952,3m 15s 558ms,5.19074074074074,9.97619047619048,2.46341463414634,0.439024390243902,
10/30,1m 39s,2.75,6,0h 10m,0,1,29,57,93,1m 39s,2.79166666666667,0:21:02,52.5714285714286,2,8,Thursday,56.5652173913043,3m 12s 152ms,5.19406708696023,10.0869565217391,2.52272727272727,0.431818181818182,
10/31,16m 16s,27.1111111111111,11,0h 5m 27s 273ms,1,5,620,70,106,3m 55s,6.51587301587301,0:14:58,56.5714285714286,3,13,Friday,57.6,4m 41s 805ms,7.56366663052709,13,3.05263157894737,0.421052631578947,
11/1,4m 42s,12.3684210526316,10,3m 48s,0,3,77,58,94,4m 35s,8.2827903091061,0:06:56,59.8571428571429,3,16,Saturday,59.0975609756098,0d 0h 4m 41s 500ms,8.03931614393466,13.7560975609756,3.8974358974359,0.717948717948718,38m
11/2,1m 58s,3.27777777777778,4,0h 15m,0,1,51,58,94,4m 43s,8.49707602339181,0:07:51,60,3,15,Sunday,57.4666666666667,3m 54s 348ms,6.37115839243498,9.64444444444444,3.06976744186047,0.558139534883721,
11/3,2m 27s,4.08333333333333,11,0h 5m 27s 273ms,1,2,49,62,98,4m 35s,8.27485380116959,0:07:51,58.8571428571429,2,14,Monday,55.6041666666667,3m 1s 531ms,4.92006475099185,8.54761904761905,2.02173913043478,0.260869565217391,
11/4,2m 34s,4.27777777777778,9,0h 6m 40s,0,4,35,52,88,4m 43s,8.50104427736007,0:07:35,59.2857142857143,2,18,Tuesday,55.6888888888889,3m 26s 174ms,5.60863553236094,10.5111111111111,2.61363636363636,0.340909090909091,
11/5,2m 27s,4.08333333333333,8,0h 7m 30s,0,2,37,59,95,4m 35s,8.27882205513785,0:07:42,59.4285714285714,2,18,Wednesday,57.2380952380952,3m 15s 558ms,5.19074074074074,9.97619047619048,2.46341463414634,0.439024390243902,
11/6,1m 1s,1.69444444444444,5,0h 12m,0,0,23,48,84,4m 29s,8.12802840434419,0:07:59,58.1428571428571,2,17,Thursday,56.5652173913043,3m 12s 152ms,5.19406708696023,10.0869565217391,2.52272727272727,0.431818181818182,
11/7,2m 3s,3.41666666666667,8,0h 7m 30s,0,1,39,52,88,2m 27s,4.74310776942356,0:08:16,55.5714285714286,1,13,Friday,57.6,4m 41s 805ms,7.56366663052709,13,3.05263157894737,0.421052631578947,
11/8,4m 35s,7.63888888888889,13,0h 4m 36s 923ms,0,4,48,58,94,2m 26s,4.06746031746032,0:08:23,55.5714285714286,1,14,Saturday,59.0975609756098,0d 0h 4m 41s 500ms,8.03931614393466,13.7560975609756,3.8974358974359,0.717948717948718,
11/9,3m 31s,5.86111111111111,10,0h 6m,0,3,53,53,89,2m 40s,4.43650793650794,0:07:06,54.8571428571429,1,16,Sunday,57.4666666666667,3m 54s 348ms,6.37115839243498,9.64444444444444,3.06976744186047,0.558139534883721,
11/10,,0,8.83333333333333,0h 6m 47s 547ms,,,,,,,,,,,,Monday,55.6041666666667,3m 1s 531ms,4.92006475099185,8.54761904761905,2.02173913043478,0.260869565217391,
11/11,3m 16s,5.44444444444444,12,0h 5m,0,2,42,58,94,2m 49s,4.01984126984127,0:07:03,54.6666666666667,0,12,Tuesday,55.6888888888889,3m 26s 174ms,5.60863553236094,10.5111111111111,2.61363636363636,0.340909090909091,
11/12,24s,0.666666666666667,2,0h 30m,0,0,17,48,84,2m 28s,3.53174603174603,0:10:16,52.8333333333333,0,10,Wednesday,57.2380952380952,3m 15s 558ms,5.19074074074074,9.97619047619048,2.46341463414634,0.439024390243902,
11/13,1m 13s,2.02777777777778,3,0h 20m,0,1,35,50,86,2m 30s,3.57936507936508,0:11:25,53.1666666666667,0,11,Thursday,56.5652173913043,3m 12s 152ms,5.19406708696023,10.0869565217391,2.52272727272727,0.431818181818182,
11/14,2m 44s,4.55555555555556,14,0h 4m 17s 143ms,0,1,27,58,94,2m 37s,3.74206349206349,0:10:57,54.1666666666667,0,11,Friday,57.6,4m 41s 805ms,7.56366663052709,13,3.05263157894737,0.421052631578947,
11/15,7m 36s,12.6666666666667,21,0h 2m 51s 429ms,0,6,123,57,93,3m 7s,4.46031746031747,0:10:42,54,0,13,Saturday,59.0975609756098,0d 0h 4m 41s 500ms,8.03931614393466,13.7560975609756,3.8974358974359,0.717948717948718,
11/16,12s,0.333333333333333,2,19m 30s,0,0,6,48,84,2m 34s,3.67063492063493,0:12:38,53.1666666666667,0,10,Sunday,57.4666666666667,3m 54s 348ms,6.37115839243498,9.64444444444444,3.06976744186047,0.558139534883721,
11/17,45s,1.92307692307692,5,7m 48s,0,1,15,51,87,2m 19s,3.9453601953602,0:12:47,52.8571428571429,0,11,Monday,55.6041666666667,3m 1s 531ms,4.92006475099185,8.54761904761905,2.02173913043478,0.260869565217391,39m
11/18,2m 58s,4.94444444444444,9,0h 6m 40s,0,2,30,53,89,2m 16s,3.87393162393163,0:13:01,52.1428571428571,0,11,Tuesday,55.6888888888889,3m 26s 174ms,5.60863553236094,10.5111111111111,2.61363636363636,0.340909090909091,
11/19,,,,,,,,,,,,,,,,Wednesday,57.2380952380952,3m 15s 558ms,5.19074074074074,9.97619047619048,2.46341463414634,0.439024390243902,
11/20,2m 3s,3.41666666666667,7,0h 8m 34s 286ms,0,3,50,59,95,2m 43s,4.63995726495727,0:08:17,54.3333333333333,0,13,Thursday,56.5652173913043,3m 12s 152ms,5.19406708696023,10.0869565217391,2.52272727272727,0.431818181818182,
11/21,5m 2s,8.38888888888889,15,0h 4m,0,5,65,59,95,3m 6s,5.27884615384616,0:08:14,54.5,0,17,Friday,57.6,4m 41s 805ms,7.56366663052709,13,3.05263157894737,0.421052631578947,
11/22,3m 28s,5.77777777777778,10,0h 6m,1,4,52,64,100,2m 25s,4.13069800569801,0:08:45,55.6666666666667,1,15,Saturday,59.0975609756098,0d 0h 4m 41s 500ms,8.03931614393466,13.7560975609756,3.8974358974359,0.717948717948718,
11/23,3m 5s,5.13888888888889,12,0h 5m,0,3,34,52,88,2m 54s,4.93162393162393,0:06:20,56.3333333333333,1,18,Sunday,57.4666666666667,3m 54s 348ms,6.37115839243498,9.64444444444444,3.06976744186047,0.558139534883721,
11/24,,,,,,,,,,,,,,,,Monday,55.6041666666667,3m 1s 531ms,4.92006475099185,8.54761904761905,2.02173913043478,0.260869565217391,
11/25,,,,,,,,,,,,,,,,Tuesday,55.6888888888889,3m 26s 174ms,5.60863553236094,10.5111111111111,2.61363636363636,0.340909090909091,
11/26,,,,,,,,,,,,,,,,Wednesday,57.2380952380952,3m 15s 558ms,5.19074074074074,9.97619047619048,2.46341463414634,0.439024390243902,
11/27,,,,,,,,,,,,,,,,Thursday,56.5652173913043,3m 12s 152ms,5.19406708696023,10.0869565217391,2.52272727272727,0.431818181818182,
11/28,,,,,,,,,,,,,,,,Friday,57.6,4m 41s 805ms,7.56366663052709,13,3.05263157894737,0.421052631578947,
11/29,6m,10,18,0h 3m 20s,0,4,50,56,92,4m 33s,7.56944444444445,0:04:10,54,0,7,Saturday,59.0975609756098,0d 0h 4m 41s 500ms,8.03931614393466,13.7560975609756,3.8974358974359,0.717948717948718,
11/30,5m 40s,9.44444444444444,9,0h 6m 40s,0,1,88,52,88,5m 50s,9.72222222222222,0:05:00,54,0,5,Sunday,57.4666666666667,3m 54s 348ms,6.37115839243498,9.64444444444444,3.06976744186047,0.558139534883721,
12/1,2m 4s,3.44444444444444,6,0h 10m,0,2,41,54,90,4m 35s,7.62962962962963,0:06:40,54,0,7,Monday,55.6041666666667,3m 1s 531ms,4.92006475099185,8.54761904761905,2.02173913043478,0.260869565217391,10.7889170231543
12/2,1m 49s,3.02777777777778,8,0h 7m 30s,0,3,37,52,88,3m 53s,6.47916666666667,0:06:53,53.5,0,10,Tuesday,55.6888888888889,3m 26s 174ms,5.60863553236094,10.5111111111111,2.61363636363636,0.340909090909091,0h 5m 33s 676ms
12/3,2m,3.33333333333333,8,0h 7m 30s,0,5,25,55,91,3m 31s,5.85,0:07:00,53.8,0,15,Wednesday,57.2380952380952,3m 15s 558ms,5.19074074074074,9.97619047619048,2.46341463414634,0.439024390243902,
12/4,59s,1.63888888888889,6,0h 10m,0,0,13,49,85,3m 5s,5.14814814814815,0:07:30,53,0,15,Thursday,56.5652173913043,3m 12s 152ms,5.19406708696023,10.0869565217391,2.52272727272727,0.431818181818182,
12/5,5m 11s,8.63888888888889,19,0h 3m 9s 474ms,0,4,50,58,94,3m 23s,5.6468253968254,0:06:53,53.7142857142857,0,19,Friday,57.6,4m 41s 805ms,7.56366663052709,13,3.05263157894737,0.421052631578947,
12/6,3m 1s,5.02777777777778,13,0h 4m 36s 923ms,1,2,55,67,103,2m 58s,4.93650793650794,0:07:04,55.2857142857143,1,17,Saturday,59.0975609756098,0d 0h 4m 41s 500ms,8.03931614393466,13.7560975609756,3.8974358974359,0.717948717948718,
12/7,1m 44s,2.88888888888889,6,0h 10m,0,1,27,53,89,2m 24s,4,0:07:32,55.4285714285714,1,17,Sunday,57.4666666666667,3m 54s 348ms,6.37115839243498,9.64444444444444,3.06976744186047,0.558139534883721,
12/8,37s,1.02777777777778,5,0h 12m,0,0,9,49,85,2m 12s,3.65476190476191,0:07:49,54.7142857142857,1,15,Monday,55.6041666666667,3m 1s 531ms,4.92006475099185,8.54761904761905,2.02173913043478,0.260869565217391,
12/9,1m 9s,1.91666666666667,7,0h 8m 34s 286ms,0,3,22,57,93,2m 6s,3.49603174603175,0:07:59,55.4285714285714,1,15,Tuesday,55.6888888888889,3m 26s 174ms,5.60863553236094,10.5111111111111,2.61363636363636,0.340909090909091,
12/10,1m 59s,3.30555555555556,11,0h 5m 27s 273ms,0,3,27,55,91,2m 6s,3.49206349206349,0:07:41,55.4285714285714,1,13,Wednesday,57.2380952380952,3m 15s 558ms,5.19074074074074,9.97619047619048,2.46341463414634,0.439024390243902,
12/11,1m 44s,2.88888888888889,8,0h 7m 30s,0,4,26,53,89,2m 12s,3.67063492063492,0:07:20,56,1,17,Thursday,56.5652173913043,3m 12s 152ms,5.19406708696023,10.0869565217391,2.52272727272727,0.431818181818182,
12/12,3m 30s,5.83333333333333,13,0h 4m 36s 923ms,0,3,58,59,95,1m 58s,3.26984126984127,0:07:32,56.1428571428571,1,16,Friday,57.6,4m 41s 805ms,7.56366663052709,13,3.05263157894737,0.421052631578947,
12/13,3m 35s,5.97222222222222,15,0h 4m,1,7,31,61,97,2m 3s,3.40476190476191,0:07:27,55.2857142857143,1,21,Saturday,59.0975609756098,0d 0h 4m 41s 500ms,8.03931614393466,13.7560975609756,3.8974358974359,0.717948717948718,
12/14,2m 39s,4.41666666666667,12,0h 5m,0,2,42,57,93,2m 10s,3.62301587301587,0:06:44,55.8571428571429,1,22,Sunday,57.4666666666667,3m 54s 348ms,6.37115839243498,9.64444444444444,3.06976744186047,0.558139534883721,
12/15,2m 15s,3.87931034482759,6,9m 40s,1,3,42,65,101,2m 24s,4.0303776683087,0:06:24,58.1428571428571,2,25,Monday,55.6041666666667,3m 1s 531ms,4.92006475099185,8.54761904761905,2.02173913043478,0.260869565217391,58m
12/16,5m 32s,9.22222222222222,8,0h 7m 30s,1,5,135,62,98,3m 2s,5.0740284619595,0:06:15,58.8571428571429,3,27,Tuesday,55.6888888888889,3m 26s 174ms,5.60863553236094,10.5111111111111,2.61363636363636,0.340909090909091,
12/17,1m 35s,2.63888888888889,7,0h 8m 34s 286ms,1,2,44,65,101,2m 59s,4.9787903667214,0:06:42,60.2857142857143,4,26,Wednesday,57.2380952380952,3m 15s 558ms,5.19074074074074,9.97619047619048,2.46341463414634,0.439024390243902,
12/18,5m 52s,9.77777777777778,19,0h 3m 9s 474ms,0,3,125,53,89,3m 34s,5.96291735084839,0:06:04,60.2857142857143,4,25,Thursday,56.5652173913043,3m 12s 152ms,5.19406708696023,10.0869565217391,2.52272727272727,0.431818181818182,
12/19,4m 19s,7.19444444444444,19,0h 3m 9s 474ms,0,3,47,56,92,3m 41s,6.15736179529283,0:05:52,59.8571428571429,4,25,Friday,57.6,4m 41s 805ms,7.56366663052709,13,3.05263157894737,0.421052631578947,
12/20,,,,,,,,,,,,,,,,Saturday,59.0975609756098,0d 0h 4m 41s 500ms,8.03931614393466,13.7560975609756,3.8974358974359,0.717948717948718,
12/21,1m 38s,2.72222222222222,7,0h 8m 34s 286ms,0,2,57,57,93,3m 32s,5.90581098339719,0:06:46,59.6666666666667,3,18,Sunday,57.4666666666667,3m 54s 348ms,6.37115839243498,9.64444444444444,3.06976744186047,0.558139534883721,
12/22,1m 10s,1.94444444444444,4,0h 15m,0,1,33,53,89,3m 21s,5.58333333333333,0:07:40,57.6666666666667,2,16,Monday,55.6041666666667,3m 1s 531ms,4.92006475099185,8.54761904761905,2.02173913043478,0.260869565217391,
12/23,5m 4s,8.44444444444444,13,0h 4m 36s 923ms,1,6,53,68,104,3m 16s,5.4537037037037,0:07:11,58.6666666666667,2,17,Tuesday,55.6888888888889,3m 26s 174ms,5.60863553236094,10.5111111111111,2.61363636363636,0.340909090909091,
12/24,,,,,,,,,,,,,,,,Wednesday,57.2380952380952,3m 15s 558ms,5.19074074074074,9.97619047619048,2.46341463414634,0.439024390243902,
12/25,1m 32s,2.55555555555556,6,0h 10m,0,2,34,57,93,2m 45s,4.57222222222222,0:08:16,58.2,1,14,Thursday,56.5652173913043,3m 12s 152ms,5.19406708696023,10.0869565217391,2.52272727272727,0.431818181818182,
12/26,31s,1.32478632478632,3,13m,0,1,23,52,88,1m 59s,3.3982905982906,0:10:14,57.4,1,12,Friday,57.6,4m 41s 805ms,7.56366663052709,13,3.05263157894737,0.421052631578947,39m
12/27,4m 1s,6.69444444444444,16,0h 3m 45s,0,2,41,56,92,2m 19s,3.94764957264957,0:09:09,57.1666666666667,1,14,Saturday,59.0975609756098,0d 0h 4m 41s 500ms,8.03931614393466,13.7560975609756,3.8974358974359,0.717948717948718,
12/28,2m 30s,4.16666666666667,6,0h 10m,0,1,58,57,93,2m 28s,4.18839031339031,0:09:24,57.1666666666667,1,13,Sunday,57.4666666666667,3m 54s 348ms,6.37115839243498,9.64444444444444,3.06976744186047,0.558139534883721,
12/29,1m 7s,1.86111111111111,2,0h 30m,0,0,40,45,81,2m 28s,4.17450142450142,0:11:54,55.8333333333333,1,12,Monday,55.6041666666667,3m 1s 531ms,4.92006475099185,8.54761904761905,2.02173913043478,0.260869565217391,
12/30,3m 13s,5.36111111111111,9,0h 6m 40s,2,2,45,63,99,2m 9s,3.66061253561254,0:12:14,55,2,8,Tuesday,55.6888888888889,3m 26s 174ms,5.60863553236094,10.5111111111111,2.61363636363636,0.340909090909091,
12/31,7m 46s,12.9444444444444,19,0h 3m 9s 474ms,1,3,97,62,98,2m 57s,4.98687423687423,0:10:56,56,3,11,Wednesday,57.2380952380952,3m 15s 558ms,5.19074074074074,9.97619047619048,2.46341463414634,0.439024390243902,
1/1,12s,0.333333333333333,1,1h,0,0,12,49,85,2m 46s,4.66941391941391,0:18:05,54.8571428571429,3,9,Thursday,56.5652173913043,3m 12s 152ms,5.19406708696023,10.0869565217391,2.52272727272727,0.431818181818182,
1/2,5m,8.33333333333333,10,0h 6m,0,1,111,52,88,3m 24s,5.67063492063491,0:17:05,54.8571428571429,3,9,Friday,57.6,4m 41s 805ms,7.56366663052709,13,3.05263157894737,0.421052631578947,
1/3,5m 7s,8.82183908045977,14,4m 8s 571ms,0,1,144,53,89,3m 34s,5.97454844006567,0:17:08,54.4285714285714,3,8,Saturday,59.0975609756098,0d 0h 4m 41s 500ms,8.03931614393466,13.7560975609756,3.8974358974359,0.717948717948718,58m
1/4,5m 10s,8.61111111111111,11,0h 5m 27s 273ms,0,1,52,56,92,3m 56s,6.60946907498631,0:16:29,54.2857142857143,3,8,Sunday,57.4666666666667,3m 54s 348ms,6.37115839243498,9.64444444444444,3.06976744186047,0.558139534883721,
1/5,4m 56s,8.22222222222222,12,0h 5m,1,2,60,63,99,4m 29s,7.51819923371647,0:12:55,56.8571428571429,4,10,Monday,55.6041666666667,3m 1s 531ms,4.92006475099185,8.54761904761905,2.02173913043478,0.260869565217391,
1/6,3m 7s,5.19444444444444,13,0h 4m 36s 923ms,0,1,43,55,91,4m 28s,7.49438970990694,0:12:37,55.7142857142857,2,9,Tuesday,55.6888888888889,3m 26s 174ms,5.60863553236094,10.5111111111111,2.61363636363636,0.340909090909091,
1/7,,,,,,,,,,,,,,,,Wednesday,57.2380952380952,3m 15s 558ms,5.19074074074074,9.97619047619048,2.46341463414634,0.439024390243902,
1/8,5m,8.33333333333333,15,0h 4m,3,4,48,64,100,4m 43s,7.91938058748403,0:04:52,57.1666666666667,4,10,Thursday,56.5652173913043,3m 12s 152ms,5.19406708696023,10.0869565217391,2.52272727272727,0.431818181818182,
1/9,11m 4s,20.1212121212121,22,2m 30s,3,9,60,68,104,5m 44s,9.8840270521305,0:04:17,59.8333333333333,7,18,Friday,57.6,4m 41s 805ms,7.56366663052709,13,3.05263157894737,0.421052631578947,55m
1/10,3m 41s,6.13888888888889,13,0h 4m 36s 923ms,0,5,33,55,91,5m 30s,9.43686868686868,0:04:22,60.1666666666667,7,22,Saturday,59.0975609756098,0d 0h 4m 41s 500ms,8.03931614393466,13.7560975609756,3.8974358974359,0.717948717948718,
1/11,,,,,,,,,,,,,,,,Sunday,57.4666666666667,3m 54s 348ms,6.37115839243498,9.64444444444444,3.06976744186047,0.558139534883721,
1/12,,,,,,,,,,,,,,,,Monday,55.6041666666667,3m 1s 531ms,4.92006475099185,8.54761904761905,2.02173913043478,0.260869565217391,
1/13,4m 37s,7.69444444444444,14,0h 4m 17s 143ms,0,4,42,54,90,6m 6s,10.5719696969697,0:03:51,60.25,6,22,Tuesday,55.6888888888889,3m 26s 174ms,5.60863553236094,10.5111111111111,2.61363636363636,0.340909090909091,
1/14,8m 17s,13.8055555555556,12,0h 5m,3,8,110,71,107,6m 32s,11.2186868686869,0:04:05,62.4,9,30,Wednesday,57.2380952380952,3m 15s 558ms,5.19074074074074,9.97619047619048,2.46341463414634,0.439024390243902,
1/15,3m 18s,5.5,11,0h 5m 27s 273ms,0,3,41,55,91,6m 11s,10.6520202020202,0:04:22,60.6,6,29,Thursday,56.5652173913043,3m 12s 152ms,5.19406708696023,10.0869565217391,2.52272727272727,0.431818181818182,
1/16,2m 23s,3.97222222222222,9,0h 6m 40s,0,1,36,53,89,4m 27s,7.42222222222223,0:05:12,57.6,3,21,Friday,57.6,4m 41s 805ms,7.56366663052709,13,3.05263157894737,0.421052631578947,
1/17,4m,6.66666666666667,8,0h 7m 30s,2,3,53,68,104,4m 31s,7.52777777777779,0:05:47,60.2,5,19,Saturday,59.0975609756098,0d 0h 4m 41s 500ms,8.03931614393466,13.7560975609756,3.8974358974359,0.717948717948718,
1/18,4m 45s,7.91666666666667,14,0h 4m 17s 143ms,1,6,61,62,98,4m 33s,7.5925925925926,0:05:32,60.5,6,25,Sunday,57.4666666666667,3m 54s 348ms,6.37115839243498,9.64444444444444,3.06976744186047,0.558139534883721,
1/19,,,,,,,,,,,,,,,,Monday,55.6041666666667,3m 1s 531ms,4.92006475099185,8.54761904761905,2.02173913043478,0.260869565217391,
1/20,,,,,,,,,,,,,,,,Tuesday,55.6888888888889,3m 26s 174ms,5.60863553236094,10.5111111111111,2.61363636363636,0.340909090909091,
1/21,1m 54s,3.16666666666667,9,0h 6m 40s,0,1,21,50,86,3m 16s,5.44444444444445,0:06:07,57.6,3,14,Wednesday,57.2380952380952,3m 15s 558ms,5.19074074074074,9.97619047619048,2.46341463414634,0.439024390243902,
1/22,3m 42s,6.16666666666667,14,0h 4m 17s 143ms,0,6,30,57,93,3m 21s,5.57777777777778,0:05:53,58,3,17,Thursday,56.5652173913043,3m 12s 152ms,5.19406708696023,10.0869565217391,2.52272727272727,0.431818181818182,
1/23,4m 32s,7.55555555555556,15,0h 4m,1,5,42,69,105,3m 47s,6.29444444444445,0:05:21,61.2,4,21,Friday,57.6,4m 41s 805ms,7.56366663052709,13,3.05263157894737,0.421052631578947,
1/24,,,,,,,,,,,,,,,,Saturday,59.0975609756098,0d 0h 4m 41s 500ms,8.03931614393466,13.7560975609756,3.8974358974359,0.717948717948718,
1/25,,,,,,,,,,,,,,,,Sunday,57.4666666666667,3m 54s 348ms,6.37115839243498,9.64444444444444,3.06976744186047,0.558139534883721,
1/26,,,,,,,,,,,,,,,,Monday,55.6041666666667,3m 1s 531ms,4.92006475099185,8.54761904761905,2.02173913043478,0.260869565217391,
1/27,,,,,,,,,,,,,,,,Tuesday,55.6888888888889,3m 26s 174ms,5.60863553236094,10.5111111111111,2.61363636363636,0.340909090909091,
1/28,,,,,,,,,,,,,,,,Wednesday,57.2380952380952,3m 15s 558ms,5.19074074074074,9.97619047619048,2.46341463414634,0.439024390243902,
1/29,,,,,,,,,,,,,,,,Thursday,56.5652173913043,3m 12s 152ms,5.19406708696023,10.0869565217391,2.52272727272727,0.431818181818182,
1/30,,,,,,,,,,,,,,,,Friday,57.6,4m 41s 805ms,7.56366663052709,13,3.05263157894737,0.421052631578947,
1/31,3m 12s,8.64864864864865,13,2m 50s 769ms,0,4,50,56,92,3m 12s,8.64864864864865,0:02:51,56,0,4,Saturday,59.0975609756098,0d 0h 4m 41s 500ms,8.03931614393466,13.7560975609756,3.8974358974359,0.717948717948718,37m
2/1,4m 48s,8,12,0h 5m,2,6,78,63,99,4m 0s,8.32432432432433,0:03:55,59.5,2,10,Sunday,57.4666666666667,3m 54s 348ms,6.37115839243498,9.64444444444444,3.06976744186047,0.558139534883721,
2/2,1m 55s,3.19444444444444,7,0h 8m 34s 286ms,0,0,31,48,84,3m 18s,6.61436436436436,0:05:28,55.6666666666667,2,10,Monday,55.6041666666667,3m 1s 531ms,4.92006475099185,8.54761904761905,2.02173913043478,0.260869565217391,
2/3,4m 56s,8.22222222222222,16,0h 3m 45s,0,5,41,57,93,3m 43s,7.01632882882883,0:05:03,56,2,15,Tuesday,55.6888888888889,3m 26s 174ms,5.60863553236094,10.5111111111111,2.61363636363636,0.340909090909091,
2/4,6m 3s,10.0833333333333,12,0h 5m,0,4,83,57,93,4m 11s,7.62972972972972,0:05:02,56.2,2,19,Wednesday,57.2380952380952,3m 15s 558ms,5.19074074074074,9.97619047619048,2.46341463414634,0.439024390243902,
2/5,2m 49s,4.69444444444444,8,0h 7m 30s,1,5,35,61,97,3m 57s,7.14051551551551,0:05:27,57,3,24,Thursday,56.5652173913043,3m 12s 152ms,5.19406708696023,10.0869565217391,2.52272727272727,0.431818181818182,
2/6,8m 31s,14.1944444444444,18,0h 3m 20s,0,5,124,54,90,4m 36s,8.14821964821964,0:05:09,56.5714285714286,3,29,Friday,57.6,4m 41s 805ms,7.56366663052709,13,3.05263157894737,0.421052631578947,
2/7,5m 13s,8.69444444444444,11,0h 5m 27s 273ms,0,2,85,59,95,4m 54s,8.15476190476189,0:05:31,57,3,27,Saturday,59.0975609756098,0d 0h 4m 41s 500ms,8.03931614393466,13.7560975609756,3.8974358974359,0.717948717948718,
2/8,7m 37s,12.6944444444444,23,0h 2m 36s 522ms,2,6,60,65,101,5m 18s,8.82539682539681,0:05:10,57.2857142857143,3,27,Sunday,57.4666666666667,3m 54s 348ms,6.37115839243498,9.64444444444444,3.06976744186047,0.558139534883721,
2/9,1m 18s,2.16666666666667,5,0h 12m,0,1,35,53,89,5m 12s,8.67857142857141,0:05:40,58,3,28,Monday,55.6041666666667,3m 1s 531ms,4.92006475099185,8.54761904761905,2.02173913043478,0.260869565217391,
2/10,5m 16s,8.77777777777778,15,0h 4m,0,1,62,50,86,5m 15s,8.75793650793649,0:05:42,57,3,24,Tuesday,55.6888888888889,3m 26s 174ms,5.60863553236094,10.5111111111111,2.61363636363636,0.340909090909091,
2/11,4m 1s,6.69444444444444,15,0h 4m,0,3,52,57,93,4m 58s,8.27380952380951,0:05:33,57,3,23,Wednesday,57.2380952380952,3m 15s 558ms,5.19074074074074,9.97619047619048,2.46341463414634,0.439024390243902,
2/12,2m 41s,4.47222222222222,8,0h 7m 30s,0,2,49,53,89,4m 57s,8.24206349206348,0:05:33,55.8571428571429,2,20,Thursday,56.5652173913043,3m 12s 152ms,5.19406708696023,10.0869565217391,2.52272727272727,0.431818181818182,
2/13,1m 20s,3.33333333333333,9,4m 26s 667ms,0,2,14,56,92,3m 55s,6.69047619047618,0:05:43,56.1428571428571,2,17,Friday,57.6,4m 41s 805ms,7.56366663052709,13,3.05263157894737,0.421052631578947,40m
2/14,5m 26s,9.05555555555556,18,0h 3m 20s,0,5,64,57,93,3m 57s,6.74206349206349,0:05:25,55.8571428571429,2,20,Saturday,59.0975609756098,0d 0h 4m 41s 500ms,8.03931614393466,13.7560975609756,3.8974358974359,0.717948717948718,
2/15,2m 26s,4.05555555555556,7,0h 8m 34s 286ms,0,2,45,51,87,3m 13s,5.50793650793651,0:06:16,53.8571428571429,0,16,Sunday,57.4666666666667,3m 54s 348ms,6.37115839243498,9.64444444444444,3.06976744186047,0.558139534883721,
2/16,2m 38s,4.38888888888889,8,0h 7m 30s,0,1,47,52,88,3m 24s,5.82539682539683,0:05:37,53.7142857142857,0,16,Monday,55.6041666666667,3m 1s 531ms,4.92006475099185,8.54761904761905,2.02173913043478,0.260869565217391,
2/17,,,,,,,,,,,,,,,,Tuesday,55.6888888888889,3m 26s 174ms,5.60863553236094,10.5111111111111,2.61363636363636,0.340909090909091,
2/18,1m 9s,1.91666666666667,5,0h 12m,0,1,31,52,88,2m 37s,4.53703703703704,0:07:13,53.5,0,13,Wednesday,57.2380952380952,3m 15s 558ms,5.19074074074074,9.97619047619048,2.46341463414634,0.439024390243902,
2/19,3m 42s,6.16666666666667,9,0h 6m 40s,1,1,75,62,98,2m 47s,4.81944444444445,0:07:05,55,1,12,Thursday,56.5652173913043,3m 12s 152ms,5.19406708696023,10.0869565217391,2.52272727272727,0.431818181818182,
2/20,6m 7s,10.1944444444444,18,0h 3m 20s,0,2,64,55,91,3m 35s,5.96296296296296,0:06:54,54.8333333333333,1,12,Friday,57.6,4m 41s 805ms,7.56366663052709,13,3.05263157894737,0.421052631578947,
2/21,9m 29s,15.8055555555556,19,0h 3m 9s 474ms,0,9,243,58,94,4m 15s,7.08796296296297,0:06:52,55,1,16,Saturday,59.0975609756098,0d 0h 4m 41s 500ms,8.03931614393466,13.7560975609756,3.8974358974359,0.717948717948718,
2/22,57s,1.58333333333333,6,0h 10m,0,1,13,57,93,4m 0s,6.67592592592593,0:07:07,56,1,15,Sunday,57.4666666666667,3m 54s 348ms,6.37115839243498,9.64444444444444,3.06976744186047,0.558139534883721,
2/23,1m 32s,2.55555555555556,6,0h 10m,0,1,34,50,86,3m 49s,6.37037037037037,0:07:32,55.6666666666667,1,15,Monday,55.6041666666667,3m 1s 531ms,4.92006475099185,8.54761904761905,2.02173913043478,0.260869565217391,
2/24,7m 40s,12.7777777777778,16,0h 3m 45s,3,5,112,70,106,4m 22s,7.28571428571429,0:06:59,57.7142857142857,4,20,Tuesday,55.6888888888889,3m 26s 174ms,5.60863553236094,10.5111111111111,2.61363636363636,0.340909090909091,
2/25,2m 47s,4.63888888888889,10,0h 6m,1,2,51,61,97,4m 36s,7.67460317460318,0:06:08,59,5,21,Wednesday,57.2380952380952,3m 15s 558ms,5.19074074074074,9.97619047619048,2.46341463414634,0.439024390243902,
2/26,5m 17s,8.80555555555556,19,0h 3m 9s 474ms,1,9,40,69,105,4m 50s,8.05158730158731,0:05:38,60,5,29,Thursday,56.5652173913043,3m 12s 152ms,5.19406708696023,10.0869565217391,2.52272727272727,0.431818181818182,
2/27,2m 35s,4.30555555555556,12,0h 5m,0,2,44,55,91,4m 20s,7.21031746031747,0:05:52,60,5,29,Friday,57.6,4m 41s 805ms,7.56366663052709,13,3.05263157894737,0.421052631578947,
2/28,2m 36s,4.33333333333333,10,0h 6m,2,2,44,61,97,3m 21s,5.57142857142858,0:06:16,60.4285714285714,7,22,Saturday,59.0975609756098,0d 0h 4m 41s 500ms,8.03931614393466,13.7560975609756,3.8974358974359,0.717948717948718,
3/1,1m 2s,1.72222222222222,6,0h 10m,0,2,22,57,93,3m 21s,5.59126984126985,0:06:16,60.4285714285714,7,23,Sunday,57.4666666666667,3m 54s 348ms,6.37115839243498,9.64444444444444,3.06976744186047,0.558139534883721,
3/2,2m 31s,4.19444444444444,5,0h 12m,0,1,71,52,88,3m 30s,5.82539682539683,0:06:33,60.7142857142857,7,23,Monday,55.6041666666667,3m 1s 531ms,4.92006475099185,8.54761904761905,2.02173913043478,0.260869565217391,
3/3,3m 29s,5.80555555555556,13,0h 4m 36s 923ms,0,2,31,52,88,2m 54s,4.82936507936508,0:06:41,58.1428571428571,4,20,Tuesday,55.6888888888889,3m 26s 174ms,5.60863553236094,10.5111111111111,2.61363636363636,0.340909090909091,
3/4,3m 4s,5.11111111111111,10,0h 6m,0,2,68,54,90,2m 56s,4.8968253968254,0:06:41,57.1428571428571,3,20,Wednesday,57.2380952380952,3m 15s 558ms,5.19074074074074,9.97619047619048,2.46341463414634,0.439024390243902,
3/5,,,,,,,,,,,,,,,,Thursday,56.5652173913043,3m 12s 152ms,5.19406708696023,10.0869565217391,2.52272727272727,0.431818181818182,
3/6,1m 13s,2.02777777777778,6,0h 10m,0,3,23,56,92,2m 19s,3.86574074074074,0:08:06,55.3333333333333,2,12,Friday,57.6,4m 41s 805ms,7.56366663052709,13,3.05263157894737,0.421052631578947,
3/7,2m 13s,3.69444444444444,8,0h 7m 30s,1,2,30,60,96,2m 15s,3.75925925925926,0:08:21,55.1666666666667,1,12,Saturday,59.0975609756098,0d 0h 4m 41s 500ms,8.03931614393466,13.7560975609756,3.8974358974359,0.717948717948718,
3/8,1m 5s,1.80555555555556,6,0h 10m,0,1,32,53,89,2m 16s,3.77314814814815,0:08:21,54.5,1,11,Sunday,57.4666666666667,3m 54s 348ms,6.37115839243498,9.64444444444444,3.06976744186047,0.558139534883721,
3/9,1m 59s,3.30555555555556,8,0h 7m 30s,1,2,37,60,96,2m 11s,3.625,0:07:36,55.8333333333333,2,12,Monday,55.6041666666667,3m 1s 531ms,4.92006475099185,8.54761904761905,2.02173913043478,0.260869565217391,
3/10,,,,,,,,,,,,,,,,Tuesday,55.6888888888889,3m 26s 174ms,5.60863553236094,10.5111111111111,2.61363636363636,0.340909090909091,
3/11,22s,0.611111111111111,3,0h 20m,0,1,9,45,81,1m 22s,2.28888888888889,0:11:00,54.8,2,9,Wednesday,57.2380952380952,3m 15s 558ms,5.19074074074074,9.97619047619048,2.46341463414634,0.439024390243902,
3/12,1m 16s,2.11111111111111,4,0h 15m,0,1,40,52,88,1m 21s,2.25925925925926,0:11:40,54.3333333333333,2,10,Thursday,56.5652173913043,3m 12s 152ms,5.19406708696023,10.0869565217391,2.52272727272727,0.431818181818182,
3/13,1m 50s,3.05555555555556,6,0h 10m,0,1,29,52,88,1m 28s,2.43055555555556,0:11:40,53.6666666666667,2,8,Friday,57.6,4m 41s 805ms,7.56366663052709,13,3.05263157894737,0.421052631578947,
3/14,4m 44s,7.88888888888889,13,0h 4m 36s 923ms,0,2,62,50,86,1m 53s,3.12962962962963,0:11:11,52,1,8,Saturday,59.0975609756098,0d 0h 4m 41s 500ms,8.03931614393466,13.7560975609756,3.8974358974359,0.717948717948718,
3/15,26s,0.722222222222222,3,0h 20m,0,1,12,52,88,1m 46s,2.94907407407408,0:12:51,51.8333333333333,1,8,Sunday,57.4666666666667,3m 54s 348ms,6.37115839243498,9.64444444444444,3.06976744186047,0.558139534883721,
3/16,3m 37s,6.02777777777778,7,0h 8m 34s 286ms,0,1,80,50,86,2m 3s,3.40277777777778,0:13:02,50.1666666666667,0,7,Monday,55.6041666666667,3m 1s 531ms,4.92006475099185,8.54761904761905,2.02173913043478,0.260869565217391,
3/17,,,,,,,,,,,,,,,,Tuesday,55.6888888888889,3m 26s 174ms,5.60863553236094,10.5111111111111,2.61363636363636,0.340909090909091,
3/18,,,,,,,,,,,,,,,,Wednesday,57.2380952380952,3m 15s 558ms,5.19074074074074,9.97619047619048,2.46341463414634,0.439024390243902,
3/19,3m 16s,5.44444444444444,8,0h 7m 30s,0,1,49,53,89,2m 47s,4.62777777777778,0:10:08,51.4,0,6,Thursday,56.5652173913043,3m 12s 152ms,5.19406708696023,10.0869565217391,2.52272727272727,0.431818181818182,
3/20,,,,,,,,,,,,,,,,Friday,57.6,4m 41s 805ms,7.56366663052709,13,3.05263157894737,0.421052631578947,
3/21,3m 2s,5.05555555555556,12,0h 5m,0,1,48,55,91,2m 35s,4.3125,0:10:16,52.5,0,4,Saturday,59.0975609756098,0d 0h 4m 41s 500ms,8.03931614393466,13.7560975609756,3.8974358974359,0.717948717948718,
3/22,,,,,,,,,,,,,,,,Sunday,57.4666666666667,3m 54s 348ms,6.37115839243498,9.64444444444444,3.06976744186047,0.558139534883721,
3/23,3m 16s,5.44444444444444,9,0h 6m 40s,0,0,128,49,85,3m 11s,5.31481481481481,0:06:23,52.3333333333333,0,2,Monday,55.6041666666667,3m 1s 531ms,4.92006475099185,8.54761904761905,2.02173913043478,0.260869565217391,
3/24,,,,,,,,,,,,,,,,Tuesday,55.6888888888889,3m 26s 174ms,5.60863553236094,10.5111111111111,2.61363636363636,0.340909090909091,
3/25,1m 28s,2.44444444444444,7,0h 8m 34s 286ms,0,2,30,55,91,2m 46s,4.59722222222222,0:06:56,53,0,4,Wednesday,57.2380952380952,3m 15s 558ms,5.19074074074074,9.97619047619048,2.46341463414634,0.439024390243902,
3/26,,,,,,,,,,,,,,,,Thursday,56.5652173913043,3m 12s 152ms,5.19406708696023,10.0869565217391,2.52272727272727,0.431818181818182,
3/27,3m 4s,5.11111111111111,13,0h 4m 36s 923ms,0,2,39,54,90,2m 43s,4.51388888888889,0:06:13,53.25,0,5,Friday,57.6,4m 41s 805ms,7.56366663052709,13,3.05263157894737,0.421052631578947,
3/28,5m 36s,9.33333333333333,24,0h 2m 30s,3,9,32,62,98,3m 21s,5.58333333333333,0:05:35,55,3,13,Saturday,59.0975609756098,0d 0h 4m 41s 500ms,8.03931614393466,13.7560975609756,3.8974358974359,0.717948717948718,
3/29,2m 9s,3.58333333333333,6,0h 10m,0,1,50,56,92,3m 7s,5.18333333333333,0:06:28,55.2,3,14,Sunday,57.4666666666667,3m 54s 348ms,6.37115839243498,9.64444444444444,3.06976744186047,0.558139534883721,
3/30,2m 4s,3.44444444444444,10,0h 6m,0,0,23,49,85,2m 52s,4.78333333333333,0:06:20,55.2,3,14,Monday,55.6041666666667,3m 1s 531ms,4.92006475099185,8.54761904761905,2.02173913043478,0.260869565217391,
3/31,,,,,,,,,,,,,,,,Tuesday,55.6888888888889,3m 26s 174ms,5.60863553236094,10.5111111111111,2.61363636363636,0.340909090909091,
4/1,,,,,,,,,,,,,,,,Wednesday,57.2380952380952,3m 15s 558ms,5.19074074074074,9.97619047619048,2.46341463414634,0.439024390243902,
4/2,5m 33s,9.25,14,0h 4m 17s 143ms,0,7,46,58,94,3m 41s,6.14444444444444,0:05:29,55.8,3,19,Thursday,56.5652173913043,3m 12s 152ms,5.19406708696023,10.0869565217391,2.52272727272727,0.431818181818182,
4/3,5m 37s,9.36111111111111,16,0h 3m 45s,1,4,59,61,97,4m 12s,6.99444444444444,0:05:18,57.2,4,21,Friday,57.6,4m 41s 805ms,7.56366663052709,13,3.05263157894737,0.421052631578947,
4/4,9m 46s,16.2777777777778,24,0h 2m 30s,2,8,126,62,98,5m 2s,8.38333333333334,0:05:18,57.2,3,20,Saturday,59.0975609756098,0d 0h 4m 41s 500ms,8.03931614393466,13.7560975609756,3.8974358974359,0.717948717948718,
4/5,4m 15s,7.08333333333333,3,0h 20m,0,3,229,56,92,5m 27s,9.08333333333334,0:07:18,57.2,3,22,Sunday,57.4666666666667,3m 54s 348ms,6.37115839243498,9.64444444444444,3.06976744186047,0.558139534883721,
4/6,5m 11s,8.63888888888889,9,0h 6m 40s,0,0,203,49,85,6m 4s,10.1222222222222,0:07:26,57.2,3,22,Monday,55.6041666666667,3m 1s 531ms,4.92006475099185,8.54761904761905,2.02173913043478,0.260869565217391,
4/7,3m 1s,5.02777777777778,14,0h 4m 17s 143ms,0,3,28,58,94,5m 34s,9.27314814814815,0:06:55,57.3333333333333,3,25,Tuesday,55.6888888888889,3m 26s 174ms,5.60863553236094,10.5111111111111,2.61363636363636,0.340909090909091,
4/8,3m 23s,5.63888888888889,11,0h 5m 27s 273ms,0,1,37,52,88,5m 15s,8.75396825396826,0:06:42,56.5714285714286,3,26,Wednesday,57.2380952380952,3m 15s 558ms,5.19074074074074,9.97619047619048,2.46341463414634,0.439024390243902,
4/9,7m 45s,12.9166666666667,20,0h 3m,1,4,77,65,101,5m 34s,9.27777777777779,0:06:31,57.5714285714286,4,23,Thursday,56.5652173913043,3m 12s 152ms,5.19406708696023,10.0869565217391,2.52272727272727,0.431818181818182,
4/10,3m 29s,5.80555555555556,10,0h 6m,0,1,43,54,90,5m 16s,8.76984126984128,0:06:51,56.5714285714286,3,20,Friday,57.6,4m 41s 805ms,7.56366663052709,13,3.05263157894737,0.421052631578947,
4/11,8m 21s,13.9166666666667,19,0h 3m 9s 474ms,1,2,99,65,101,5m 4s,8.43253968253969,0:06:56,57,2,14,Saturday,59.0975609756098,0d 0h 4m 41s 500ms,8.03931614393466,13.7560975609756,3.8974358974359,0.717948717948718,
4/12,3m 43s,6.19444444444444,6,0h 10m,0,4,73,56,92,4m 59s,8.30555555555557,0:05:31,57,2,15,Sunday,57.4666666666667,3m 54s 348ms,6.37115839243498,9.64444444444444,3.06976744186047,0.558139534883721,
4/13,5m 18s,8.83333333333333,12,0h 5m,0,4,72,53,89,5m 0s,8.33333333333334,0:05:16,57.5714285714286,2,19,Monday,55.6041666666667,3m 1s 531ms,4.92006475099185,8.54761904761905,2.02173913043478,0.260869565217391,
4/14,5m 57s,9.91666666666667,15,0h 4m,0,3,79,57,93,5m 25s,9.03174603174604,0:05:14,57.4285714285714,2,19,Tuesday,55.6888888888889,3m 26s 174ms,5.60863553236094,10.5111111111111,2.61363636363636,0.340909090909091,
4/15,3m 27s,5.75,10,0h 6m,1,3,45,65,101,5m 26s,9.04761904761906,0:05:18,59.2857142857143,3,21,Wednesday,57.2380952380952,3m 15s 558ms,5.19074074074074,9.97619047619048,2.46341463414634,0.439024390243902,
4/16,2m 47s,4.63888888888889,11,0h 5m 27s 273ms,0,4,49,56,92,4m 43s,7.86507936507937,0:05:40,58,2,21,Thursday,56.5652173913043,3m 12s 152ms,5.19406708696023,10.0869565217391,2.52272727272727,0.431818181818182,
4/17,4m 5s,6.80555555555556,17,0h 3m 31s 765ms,0,5,58,57,93,4m 48s,8.00793650793651,0:05:18,58.4285714285714,2,25,Friday,57.6,4m 41s 805ms,7.56366663052709,13,3.05263157894737,0.421052631578947,
4/18,6m 59s,11.6388888888889,14,0h 4m 17s 143ms,1,4,78,61,97,4m 37s,7.68253968253968,0:05:28,57.8571428571429,2,27,Saturday,59.0975609756098,0d 0h 4m 41s 500ms,8.03931614393466,13.7560975609756,3.8974358974359,0.717948717948718,
4/19,56s,1.55555555555556,4,0h 15m,0,0,19,49,85,4m 13s,7.01984126984127,0:06:11,56.8571428571429,2,23,Sunday,57.4666666666667,3m 54s 348ms,6.37115839243498,9.64444444444444,3.06976744186047,0.558139534883721,
4/20,4m 51s,8.08333333333333,11,0h 5m 27s 273ms,0,3,104,54,90,4m 9s,6.91269841269842,0:06:15,57,2,22,Monday,55.6041666666667,3m 1s 531ms,4.92006475099185,8.54761904761905,2.02173913043478,0.260869565217391,
4/21,3m 58s,6.61111111111111,8,0h 7m 30s,0,3,124,53,89,3m 52s,6.44047619047619,0:06:45,56.4285714285714,2,22,Tuesday,55.6888888888889,3m 26s 174ms,5.60863553236094,10.5111111111111,2.61363636363636,0.340909090909091,
4/22,2m 50s,4.72222222222222,10,0h 6m,0,3,32,53,89,3m 47s,6.2936507936508,0:06:45,54.7142857142857,1,22,Wednesday,57.2380952380952,3m 15s 558ms,5.19074074074074,9.97619047619048,2.46341463414634,0.439024390243902,
4/23,4m 53s,8.13888888888889,12,0h 5m,1,3,84,65,101,4m 5s,6.7936507936508,0:06:41,56,2,21,Thursday,56.5652173913043,3m 12s 152ms,5.19406708696023,10.0869565217391,2.52272727272727,0.431818181818182,
4/24,6m 50s,11.3888888888889,15,0h 4m,3,8,133,64,100,4m 28s,7.4484126984127,0:06:45,57,5,24,Friday,57.6,4m 41s 805ms,7.56366663052709,13,3.05263157894737,0.421052631578947,
4/25,9m 14s,17.4213836477987,21,2m 31s 429ms,2,10,78,66,102,4m 47s,8.27448337825696,0:06:30,57.7142857142857,6,30,Saturday,59.0975609756098,0d 0h 4m 41s 500ms,8.03931614393466,13.7560975609756,3.8974358974359,0.717948717948718,53m
4/26,2m 30s,4.16666666666667,11,0h 5m 27s 273ms,1,4,42,61,97,5m 1s,8.64749925127283,0:05:08,59.4285714285714,7,34,Sunday,57.4666666666667,3m 54s 348ms,6.37115839243498,9.64444444444444,3.06976744186047,0.558139534883721,
4/27,2m 39s,4.41666666666667,7,0h 8m 34s 286ms,0,2,55,56,92,4m 42s,8.12368972746331,0:05:35,59.7142857142857,7,33,Monday,55.6041666666667,3m 1s 531ms,4.92006475099185,8.54761904761905,2.02173913043478,0.260869565217391,
4/28,4m 31s,7.52777777777778,15,0h 4m,0,3,68,50,86,4m 47s,8.25464210841569,0:05:05,59.2857142857143,7,33,Tuesday,55.6888888888889,3m 26s 174ms,5.60863553236094,10.5111111111111,2.61363636363636,0.340909090909091,
4/29,2m 51s,4.75,12,0h 5m,0,3,49,55,91,4m 47s,8.25861036238394,0:04:56,59.5714285714286,7,33,Wednesday,57.2380952380952,3m 15s 558ms,5.19074074074074,9.97619047619048,2.46341463414634,0.439024390243902,
4/30,6m 20s,10.5555555555556,22,0h 2m 43s 636ms,2,5,38,63,99,4m 59s,8.60384845762205,0:04:37,59.2857142857143,8,35,Thursday,56.5652173913043,3m 12s 152ms,5.19406708696023,10.0869565217391,2.52272727272727,0.431818181818182,
5/1,,,,,,,,,,4m 41s,8.1396750524109,0:04:43,58.5,5,27,Friday,57.6,4m 41s 805ms,7.56366663052709,13,3.05263157894737,0.421052631578947,
5/2,1m 54s,3.16666666666667,7,0h 8m 34s 286ms,0,0,42,47,83,3m 28s,5.7638888888889,0:05:43,55.3333333333333,3,17,Saturday,59.0975609756098,0d 0h 4m 41s 500ms,8.03931614393466,13.7560975609756,3.8974358974359,0.717948717948718,
5/3,,,,,,,,,,3m 39s,6.08333333333334,0:05:46,54.2,2,13,Sunday,57.4666666666667,3m 54s 348ms,6.37115839243498,9.64444444444444,3.06976744186047,0.558139534883721,
5/4,,,,,,,,,,3m 54s,6.50000000000001,0:05:04,53.75,2,11,Monday,55.6041666666667,3m 1s 531ms,4.92006475099185,8.54761904761905,2.02173913043478,0.260869565217391,
5/5,4m 42s,7.83333333333333,9,0h 6m 40s,0,5,62,58,94,3m 57s,6.5763888888889,0:05:44,55.75,2,13,Tuesday,55.6888888888889,3m 26s 174ms,5.60863553236094,10.5111111111111,2.61363636363636,0.340909090909091,
5/6,3m 4s,5.11111111111111,11,0h 5m 27s 273ms,0,3,49,53,89,4m 0s,6.66666666666668,0:05:51,55.25,2,13,Wednesday,57.2380952380952,3m 15s 558ms,5.19074074074074,9.97619047619048,2.46341463414634,0.439024390243902,
5/7,1m 15s,2.08333333333333,7,0h 8m 34s 286ms,0,1,20,53,89,2m 44s,4.54861111111111,0:07:19,52.75,0,9,Thursday,56.5652173913043,3m 12s 152ms,5.19406708696023,10.0869565217391,2.52272727272727,0.431818181818182,
5/8,,,,,,,,,,2m 44s,4.54861111111111,0:07:19,52.75,0,9,Friday,57.6,4m 41s 805ms,7.56366663052709,13,3.05263157894737,0.421052631578947,
5/9,,,,,,,,,,3m 0s,5.00925925925926,0:06:54,54.6666666666667,0,9,Saturday,59.0975609756098,0d 0h 4m 41s 500ms,8.03931614393466,13.7560975609756,3.8974358974359,0.717948717948718,
5/10,,,,,,,,,,3m 0s,5.00925925925926,0:06:54,54.6666666666667,0,9,Sunday,57.4666666666667,3m 54s 348ms,6.37115839243498,9.64444444444444,3.06976744186047,0.558139534883721,
5/11,4m,6.66666666666667,7,0h 8m 34s 286ms,0,3,134,54,90,3m 15s,5.42361111111111,0:07:19,54.5,0,12,Monday,55.6041666666667,3m 1s 531ms,4.92006475099185,8.54761904761905,2.02173913043478,0.260869565217391,
5/12,2m 19s,3.86111111111111,7,0h 8m 34s 286ms,0,0,31,47,83,2m 40s,4.43055555555556,0:07:48,51.75,0,7,Tuesday,55.6888888888889,3m 26s 174ms,5.60863553236094,10.5111111111111,2.61363636363636,0.340909090909091,
5/13,4m 6s,6.83333333333333,13,0h 4m 36s 923ms,2,9,39,61,97,2m 55s,4.86111111111111,0:07:35,53.75,2,13,Wednesday,57.2380952380952,3m 15s 558ms,5.19074074074074,9.97619047619048,2.46341463414634,0.439024390243902,
5/14,,,,,,,,,,3m 28s,5.78703703703704,0:07:15,54,2,12,Thursday,56.5652173913043,3m 12s 152ms,5.19406708696023,10.0869565217391,2.52272727272727,0.431818181818182,
5/15,,,,,,,,,,3m 28s,5.78703703703704,0:07:15,54,2,12,Friday,57.6,4m 41s 805ms,7.56366663052709,13,3.05263157894737,0.421052631578947,
5/16,,,,,,,,,,3m 28s,5.78703703703704,0:07:15,54,2,12,Saturday,59.0975609756098,0d 0h 4m 41s 500ms,8.03931614393466,13.7560975609756,3.8974358974359,0.717948717948718,
5/17,6m 17s,10.4722222222222,17,0h 3m 31s 765ms,0,2,45,54,90,4m 11s,6.95833333333333,0:06:19,54,2,14,Sunday,57.4666666666667,3m 54s 348ms,6.37115839243498,9.64444444444444,3.06976744186047,0.558139534883721,
5/18,4m 20s,7.22222222222222,13,0h 4m 36s 923ms,0,2,49,57,93,4m 16s,7.09722222222222,0:05:20,54.75,2,13,Monday,55.6041666666667,3m 1s 531ms,4.92006475099185,8.54761904761905,2.02173913043478,0.260869565217391,
5/19,2m 11s,3.63888888888889,9,0h 6m 40s,0,3,27,58,94,4m 14s,7.04166666666666,0:04:51,57.5,2,16,Tuesday,55.6888888888889,3m 26s 174ms,5.60863553236094,10.5111111111111,2.61363636363636,0.340909090909091,
5/20,,,,,,,,,,,,,,,,Wednesday,57.2380952380952,3m 15s 558ms,5.19074074074074,9.97619047619048,2.46341463414634,0.439024390243902,
5/21,6m 36s,11,16,0h 3m 45s,0,1,82,54,90,4m 51s,8.08333333333333,0:04:38,55.75,0,8,Thursday,56.5652173913043,3m 12s 152ms,5.19406708696023,10.0869565217391,2.52272727272727,0.431818181818182,
5/22,,,,,,,,,,,,,,,,Friday,57.6,4m 41s 805ms,7.56366663052709,13,3.05263157894737,0.421052631578947,
5/23,5m 52s,9.77777777777778,17,0h 3m 31s 765ms,2,4,50,62,98,5m 3s,8.42222222222222,0:04:25,57,2,12,Saturday,59.0975609756098,0d 0h 4m 41s 500ms,8.03931614393466,13.7560975609756,3.8974358974359,0.717948717948718,
5/24,5m 12s,8.66666666666667,14,0h 4m 17s 143ms,1,8,61,61,97,4m 50s,8.06111111111111,0:04:34,58.4,3,18,Sunday,57.4666666666667,3m 54s 348ms,6.37115839243498,9.64444444444444,3.06976744186047,0.558139534883721,
5/25,1m 35s,2.63888888888889,7,0h 8m 34s 286ms,0,2,49,53,89,4m 17s,7.14444444444445,0:05:22,57.6,3,18,Monday,55.6041666666667,3m 1s 531ms,4.92006475099185,8.54761904761905,2.02173913043478,0.260869565217391,
5/26,4m 52s,8.11111111111111,15,0h 4m,0,3,54,56,92,4m 49s,8.03888888888889,0:04:50,57.2,3,18,Tuesday,55.6888888888889,3m 26s 174ms,5.60863553236094,10.5111111111111,2.61363636363636,0.340909090909091,
5/27,2m 42s,4.5,10,0h 6m,1,2,66,65,101,4m 28s,7.44907407407408,0:05:01,58.5,4,20,Wednesday,57.2380952380952,3m 15s 558ms,5.19074074074074,9.97619047619048,2.46341463414634,0.439024390243902,
5/28,,,,,,,,,,,,,,,,Thursday,56.5652173913043,3m 12s 152ms,5.19406708696023,10.0869565217391,2.52272727272727,0.431818181818182,
5/29,5m 1s,8.36111111111111,14,0h 4m 17s 143ms,0,4,57,58,94,4m 12s,7.00925925925926,0:05:07,59.1666666666667,4,23,Friday,57.6,4m 41s 805ms,7.56366663052709,13,3.05263157894737,0.421052631578947,
5/30,4m 21s,7.25,10,0h 6m,1,6,45,64,100,3m 57s,6.58796296296296,0:05:31,59.5,3,25,Saturday,59.0975609756098,0d 0h 4m 41s 500ms,8.03931614393466,13.7560975609756,3.8974358974359,0.717948717948718,
5/31,2m 12s,3.66666666666667,7,0h 8m 34s 286ms,1,3,33,61,97,3m 27s,5.75462962962963,0:06:14,59.5,3,20,Sunday,57.4666666666667,3m 54s 348ms,6.37115839243498,9.64444444444444,3.06976744186047,0.558139534883721,
6/1,5m 48s,9.66666666666667,11,0h 5m 27s 273ms,1,3,56,63,99,4m 9s,6.92592592592593,0:05:43,61.1666666666667,4,21,Monday,55.6041666666667,3m 1s 531ms,4.92006475099185,8.54761904761905,2.02173913043478,0.260869565217391,
6/2,3m 4s,5.11111111111111,13,0h 4m 36s 923ms,0,5,34,59,95,3m 51s,6.42592592592593,0:05:49,61.6666666666667,4,23,Tuesday,55.6888888888889,3m 26s 174ms,5.60863553236094,10.5111111111111,2.61363636363636,0.340909090909091,
6/3,5m 23s,8.97222222222222,15,0h 4m,0,3,47,58,94,4m 18s,7.1712962962963,0:05:29,60.5,3,24,Wednesday,57.2380952380952,3m 15s 558ms,5.19074074074074,9.97619047619048,2.46341463414634,0.439024390243902,
6/4,3m 6s,5.16666666666667,10,0h 6m,0,2,33,55,91,4m 8s,6.88492063492064,0:05:34,59.7142857142857,3,26,Thursday,56.5652173913043,3m 12s 152ms,5.19406708696023,10.0869565217391,2.52272727272727,0.431818181818182,
6/5,,,,,,,,,,,,,,,,Friday,57.6,4m 41s 805ms,7.56366663052709,13,3.05263157894737,0.421052631578947,
6/6,,,,,,,,,,,,,,,,Saturday,59.0975609756098,0d 0h 4m 41s 500ms,8.03931614393466,13.7560975609756,3.8974358974359,0.717948717948718,
6/7,,,,,,,,,,,,,,,,Sunday,57.4666666666667,3m 54s 348ms,6.37115839243498,9.64444444444444,3.06976744186047,0.558139534883721,
6/8,4m 23s,7.30555555555556,13,0h 4m 36s 923ms,0,0,71,49,85,3m 59s,6.63888888888889,0:04:48,55.25,0,10,Monday,55.6041666666667,3m 1s 531ms,4.92006475099185,8.54761904761905,2.02173913043478,0.260869565217391,
6/9,3m 12s,5.33333333333333,9,0h 6m 40s,0,3,30,53,89,4m 1s,6.69444444444445,0:05:19,53.75,0,8,Tuesday,55.6888888888889,3m 26s 174ms,5.60863553236094,10.5111111111111,2.61363636363636,0.340909090909091,
6/10,8m 27s,14.0833333333333,18,0h 3m 20s,1,3,132,65,101,4m 47s,7.97222222222222,0:05:09,55.5,1,8,Wednesday,57.2380952380952,3m 15s 558ms,5.19074074074074,9.97619047619048,2.46341463414634,0.439024390243902,
6/11,7m 42s,12.8333333333333,8,0h 7m 30s,1,3,267,61,97,5m 56s,9.88888888888887,0:05:32,57,2,9,Thursday,56.5652173913043,3m 12s 152ms,5.19406708696023,10.0869565217391,2.52272727272727,0.431818181818182,
6/12,,,,,,,,,,,,,,,,Friday,57.6,4m 41s 805ms,7.56366663052709,13,3.05263157894737,0.421052631578947,
6/13,,,,,,,,,,,,,,,,Saturday,59.0975609756098,0d 0h 4m 41s 500ms,8.03931614393466,13.7560975609756,3.8974358974359,0.717948717948718,
6/14,,,,,,,,,,,,,,,,Sunday,57.4666666666667,3m 54s 348ms,6.37115839243498,9.64444444444444,3.06976744186047,0.558139534883721,
6/15,2m 23s,7.00980392156863,5,6m 48s,0,3,37,52,88,5m 26s,9.81495098039214,0:06:05,57.75,2,12,Monday,55.6041666666667,3m 1s 531ms,4.92006475099185,8.54761904761905,2.02173913043478,0.260869565217391,34m
6/16,,,,,,,,,,,,,,,,Tuesday,55.6888888888889,3m 26s 174ms,5.60863553236094,10.5111111111111,2.61363636363636,0.340909090909091,
6/17,,,,,,,,,,,,,,,,Wednesday,57.2380952380952,3m 15s 558ms,5.19074074074074,9.97619047619048,2.46341463414634,0.439024390243902,
6/18,,,,,,,,,,,,,,,,Thursday,56.5652173913043,3m 12s 152ms,5.19406708696023,10.0869565217391,2.52272727272727,0.431818181818182,
6/19,,,,,,,,,,,,,,,,Friday,57.6,4m 41s 805ms,7.56366663052709,13,3.05263157894737,0.421052631578947,
6/20,,,,,,,,,,,,,,,,Saturday,59.0975609756098,0d 0h 4m 41s 500ms,8.03931614393466,13.7560975609756,3.8974358974359,0.717948717948718,
6/21,,,,,,,,,,,,,,,,Sunday,57.4666666666667,3m 54s 348ms,6.37115839243498,9.64444444444444,3.06976744186047,0.558139534883721,
6/22,4m 31s,7.52777777777778,9,0h 6m 40s,0,4,60,59,95,4m 31s,7.52777777777778,0:06:40,59,0,4,Monday,55.6041666666667,3m 1s 531ms,4.92006475099185,8.54761904761905,2.02173913043478,0.260869565217391,
6/23,6m 30s,10.8333333333333,17,0h 3m 31s 765ms,0,2,53,53,89,5m 31s,9.18055555555554,0:05:06,56,0,6,Tuesday,55.6888888888889,3m 26s 174ms,5.60863553236094,10.5111111111111,2.61363636363636,0.340909090909091,
6/24,5m 23s,8.97222222222222,16,0h 3m 45s,0,1,52,55,91,5m 28s,9.1111111111111,0:04:39,55.6666666666667,0,7,Wednesday,57.2380952380952,3m 15s 558ms,5.19074074074074,9.97619047619048,2.46341463414634,0.439024390243902,
6/25,,,,,,,,,,,,,,,,Thursday,56.5652173913043,3m 12s 152ms,5.19406708696023,10.0869565217391,2.52272727272727,0.431818181818182,
6/26,,,,,,,,,,,,,,,,Friday,57.6,4m 41s 805ms,7.56366663052709,13,3.05263157894737,0.421052631578947,
6/27,,,,,,,,,,,,,,,,Saturday,59.0975609756098,0d 0h 4m 41s 500ms,8.03931614393466,13.7560975609756,3.8974358974359,0.717948717948718,
6/28,,,,,,,,,,,,,,,,Sunday,57.4666666666667,3m 54s 348ms,6.37115839243498,9.64444444444444,3.06976744186047,0.558139534883721,
6/29,5m 21s,8.91666666666667,15,0h 4m,0,3,48,57,93,5m 45s,9.57407407407406,0:03:46,55,0,6,Monday,55.6041666666667,3m 1s 531ms,4.92006475099185,8.54761904761905,2.02173913043478,0.260869565217391,
6/30,3m 20s,5.55555555555556,13,0h 4m 36s 923ms,0,3,36,54,90,4m 41s,7.81481481481482,0:04:07,55.3333333333333,0,7,Tuesday,55.6888888888889,3m 26s 174ms,5.60863553236094,10.5111111111111,2.61363636363636,0.340909090909091,
7/1,,,,,,,,,,,,,,,,Wednesday,57.2380952380952,3m 15s 558ms,5.19074074074074,9.97619047619048,2.46341463414634,0.439024390243902,
7/2,4m 26s,7.38888888888889,14,0h 4m 17s 143ms,1,4,51,68,104,4m 22s,7.28703703703704,0:04:18,59.6666666666667,1,10,Thursday,56.5652173913043,3m 12s 152ms,5.19406708696023,10.0869565217391,2.52272727272727,0.431818181818182,
7/3,6m 7s,10.1944444444444,22,0h 2m 43s 636ms,2,8,47,62,98,4m 49s,8.01388888888888,0:03:54,60.25,3,18,Friday,57.6,4m 41s 805ms,7.56366663052709,13,3.05263157894737,0.421052631578947,
7/4,5m 32s,9.22222222222222,16,0h 3m 45s,1,5,50,61,97,4m 57s,8.25555555555555,0:03:53,60.4,4,23,Saturday,59.0975609756098,0d 0h 4m 41s 500ms,8.03931614393466,13.7560975609756,3.8974358974359,0.717948717948718,
7/5,2m 51s,4.75,13,0h 4m 36s 923ms,1,3,37,64,100,4m 36s,7.67129629629629,0:04:00,61,5,26,Sunday,57.4666666666667,3m 54s 348ms,6.37115839243498,9.64444444444444,3.06976744186047,0.558139534883721,
7/6,2m 6s,3.5,7,0h 8m 34s 286ms,0,2,41,51,87,4m 4s,6.76851851851851,0:04:46,60,5,25,Monday,55.6041666666667,3m 1s 531ms,4.92006475099185,8.54761904761905,2.02173913043478,0.260869565217391,
7/7,1m 54s,3.16666666666667,4,0h 15m,0,0,49,44,80,3m 49s,6.37037037037036,0:06:29,58.3333333333333,5,22,Tuesday,55.6888888888889,3m 26s 174ms,5.60863553236094,10.5111111111111,2.61363636363636,0.340909090909091,
7/8,,,,,,,,,,,,,,,,Wednesday,57.2380952380952,3m 15s 558ms,5.19074074074074,9.97619047619048,2.46341463414634,0.439024390243902,
7/9,5m 20s,8.88888888888889,11,0h 5m 27s 273ms,2,5,66,65,101,3m 58s,6.62037037037036,0:06:41,57.8333333333333,6,23,Thursday,56.5652173913043,3m 12s 152ms,5.19406708696023,10.0869565217391,2.52272727272727,0.431818181818182,
7/10,26m 38s,44.3888888888889,14,0h 4m 17s 143ms,0,3,614,56,92,7m 24s,12.3194444444444,0:06:57,56.8333333333333,4,18,Friday,57.6,4m 41s 805ms,7.56366663052709,13,3.05263157894737,0.421052631578947,
7/11,6m 35s,13.1666666666667,22,2m 16s 364ms,0,7,42,58,94,7m 34s,12.9768518518519,0:06:42,56.3333333333333,3,20,Saturday,59.0975609756098,0d 0h 4m 41s 500ms,8.03931614393466,13.7560975609756,3.8974358974359,0.717948717948718,50m
7/12,1m 56s,3.22222222222222,8,0h 7m 30s,0,3,22,58,94,7m 25s,12.7222222222222,0:07:11,55.3333333333333,2,20,Sunday,57.4666666666667,3m 54s 348ms,6.37115839243498,9.64444444444444,3.06976744186047,0.558139534883721,
7/13,3m 24s,5.66666666666667,11,0h 5m 27s 273ms,0,3,35,54,90,7m 38s,13.0833333333333,0:06:40,55.8333333333333,2,21,Monday,55.6041666666667,3m 1s 531ms,4.92006475099185,8.54761904761905,2.02173913043478,0.260869565217391,
7/14,3m 57s,6.58333333333333,10,0h 6m,1,5,58,60,96,7m 58s,13.6527777777778,0:05:10,58.5,3,26,Tuesday,55.6888888888889,3m 26s 174ms,5.60863553236094,10.5111111111111,2.61363636363636,0.340909090909091,
7/15,2m 9s,3.58333333333333,7,0h 8m 34s 286ms,0,0,40,48,84,7m 8s,12.2142857142857,0:05:39,57,3,26,Wednesday,57.2380952380952,3m 15s 558ms,5.19074074074074,9.97619047619048,2.46341463414634,0.439024390243902,
7/16,3m 38s,6.05555555555556,7,0h 8m 34s 286ms,1,3,72,62,98,6m 54s,11.8095238095238,0:06:06,56.5714285714286,2,24,Thursday,56.5652173913043,3m 12s 152ms,5.19406708696023,10.0869565217391,2.52272727272727,0.431818181818182,
7/17,,,,,,,,,,,,,,,,Friday,57.6,4m 41s 805ms,7.56366663052709,13,3.05263157894737,0.421052631578947,
7/18,,,,,,,,,,,,,,,,Saturday,59.0975609756098,0d 0h 4m 41s 500ms,8.03931614393466,13.7560975609756,3.8974358974359,0.717948717948718,
7/19,3m 44s,6.22222222222222,11,0h 5m 27s 273ms,1,5,54,60,96,3m 22s,5.62222222222222,0:06:49,56.8,3,16,Sunday,57.4666666666667,3m 54s 348ms,6.37115839243498,9.64444444444444,3.06976744186047,0.558139534883721,
7/20,8m 21s,13.9166666666667,16,0h 3m 45s,0,9,112,55,91,4m 22s,7.27222222222223,0:06:28,57,3,22,Monday,55.6041666666667,3m 1s 531ms,4.92006475099185,8.54761904761905,2.02173913043478,0.260869565217391,
7/21,3m 41s,6.13888888888889,8,0h 7m 30s,1,2,83,63,99,4m 19s,7.18333333333334,0:06:46,57.6,3,19,Tuesday,55.6888888888889,3m 26s 174ms,5.60863553236094,10.5111111111111,2.61363636363636,0.340909090909091,
7/22,7m 42s,12.8333333333333,11,0h 5m 27s 273ms,2,4,156,70,106,5m 25s,9.03333333333333,0:06:09,62,5,23,Wednesday,57.2380952380952,3m 15s 558ms,5.19074074074074,9.97619047619048,2.46341463414634,0.439024390243902,
7/23,1m 6s,1.83333333333333,7,0h 8m 34s 286ms,0,0,13,48,84,4m 55s,8.18888888888889,0:06:09,59.2,4,20,Thursday,56.5652173913043,3m 12s 152ms,5.19406708696023,10.0869565217391,2.52272727272727,0.431818181818182,
7/24,,,,,,,,,,,,,,,,Friday,57.6,4m 41s 805ms,7.56366663052709,13,3.05263157894737,0.421052631578947,
7/25,,,,,,,,,,,,,,,,Saturday,59.0975609756098,0d 0h 4m 41s 500ms,8.03931614393466,13.7560975609756,3.8974358974359,0.717948717948718,
7/26,8m 49s,14.6944444444444,16,0h 3m 45s,3,6,127,72,108,5m 56s,9.88333333333332,0:05:48,61.6,6,21,Sunday,57.4666666666667,3m 54s 348ms,6.37115839243498,9.64444444444444,3.06976744186047,0.558139534883721,
7/27,5m 52s,9.77777777777778,14,0h 4m 17s 143ms,0,3,66,59,95,5m 26s,9.05555555555554,0:05:55,62.4,6,15,Monday,55.6041666666667,3m 1s 531ms,4.92006475099185,8.54761904761905,2.02173913043478,0.260869565217391,
7/28,1m 56s,3.22222222222222,6,0h 10m,1,4,40,60,96,5m 5s,8.47222222222221,0:06:25,61.8,6,17,Tuesday,55.6888888888889,3m 26s 174ms,5.60863553236094,10.5111111111111,2.61363636363636,0.340909090909091,
7/29,3m 35s,5.97222222222222,11,0h 5m 27s 273ms,1,3,43,65,101,4m 16s,7.09999999999999,0:06:25,60.8,5,16,Wednesday,57.2380952380952,3m 15s 558ms,5.19074074074074,9.97619047619048,2.46341463414634,0.439024390243902,
7/30,2m 13s,7.1505376344086,2,15m 30s,0,1,89,54,90,4m 29s,8.16344086021504,0:07:48,62,5,17,Thursday,56.5652173913043,3m 12s 152ms,5.19406708696023,10.0869565217391,2.52272727272727,0.431818181818182,31m
7/31,,,,,,,,,,,,,,,,Friday,57.6,4m 41s 805ms,7.56366663052709,13,3.05263157894737,0.421052631578947,
8/1,,,,,,,,,,,,,,,,Saturday,59.0975609756098,0d 0h 4m 41s 500ms,8.03931614393466,13.7560975609756,3.8974358974359,0.717948717948718,
8/2,9m 37s,16.0277777777778,14,0h 4m 17s 143ms,1,5,131,66,102,4m 39s,8.43010752688172,0:07:54,60.8,3,16,Sunday,57.4666666666667,3m 54s 348ms,6.37115839243498,9.64444444444444,3.06976744186047,0.558139534883721,
8/3,9m 34s,15.9444444444444,23,0h 2m 36s 522ms,1,5,73,63,99,5m 23s,9.66344086021505,0:07:34,61.6,4,18,Monday,55.6041666666667,3m 1s 531ms,4.92006475099185,8.54761904761905,2.02173913043478,0.260869565217391,
8/4,6m 39s,11.0833333333333,15,0h 4m,0,4,73,54,90,6m 20s,11.2356630824373,0:06:22,60.4,3,18,Tuesday,55.6888888888889,3m 26s 174ms,5.60863553236094,10.5111111111111,2.61363636363636,0.340909090909091,
8/5,4m 18s,7.16666666666667,13,0h 4m 36s 923ms,0,1,41,51,87,6m 28s,11.4745519713262,0:06:12,57.6,2,16,Wednesday,57.2380952380952,3m 15s 558ms,5.19074074074074,9.97619047619048,2.46341463414634,0.439024390243902,
8/6,8m 8s,13.5555555555556,19,0h 3m 9s 474ms,1,5,95,61,97,7m 39s,12.7555555555556,0:03:44,59,3,20,Thursday,56.5652173913043,3m 12s 152ms,5.19406708696023,10.0869565217391,2.52272727272727,0.431818181818182,
8/7,5m 30s,10,15,3m 40s,0,6,63,56,92,7m 18s,12.2962962962963,0:03:43,58.5,3,26,Friday,57.6,4m 41s 805ms,7.56366663052709,13,3.05263157894737,0.421052631578947,55m
8/8,,,,,,,,,,,,,,,,Saturday,59.0975609756098,0d 0h 4m 41s 500ms,8.03931614393466,13.7560975609756,3.8974358974359,0.717948717948718,
8/9,4m 8s,6.88888888888889,11,0h 5m 27s 273ms,0,3,54,57,93,6m 23s,10.7731481481481,0:03:55,57,2,24,Sunday,57.4666666666667,3m 54s 348ms,6.37115839243498,9.64444444444444,3.06976744186047,0.558139534883721,
8/10,3m 19s,5.52777777777778,8,0h 7m 30s,0,2,93,57,93,5m 20s,9.03703703703704,0:04:44,56,1,21,Monday,55.6041666666667,3m 1s 531ms,4.92006475099185,8.54761904761905,2.02173913043478,0.260869565217391,
8/11,8m 11s,13.6388888888889,17,0h 3m 31s 765ms,2,5,64,72,108,5m 36s,9.46296296296297,0:04:39,59,3,22,Tuesday,55.6888888888889,3m 26s 174ms,5.60863553236094,10.5111111111111,2.61363636363636,0.340909090909091,
8/12,2m 13s,3.69444444444444,6,0h 10m,0,1,49,51,87,5m 15s,8.88425925925927,0:05:33,59,3,22,Wednesday,57.2380952380952,3m 15s 558ms,5.19074074074074,9.97619047619048,2.46341463414634,0.439024390243902,
8/13,2m 16s,3.77777777777778,10,0h 6m,0,1,26,50,86,4m 16s,7.25462962962963,0:06:02,57.1666666666667,2,18,Thursday,56.5652173913043,3m 12s 152ms,5.19406708696023,10.0869565217391,2.52272727272727,0.431818181818182,
8/14,2m 15s,3.75,3,0h 20m,0,2,61,54,90,3m 44s,6.21296296296297,0:08:45,56.8333333333333,2,14,Friday,57.6,4m 41s 805ms,7.56366663052709,13,3.05263157894737,0.421052631578947,
8/15,,,,,,,,,,,,,,,,Saturday,59.0975609756098,0d 0h 4m 41s 500ms,8.03931614393466,13.7560975609756,3.8974358974359,0.717948717948718,
8/16,34m 37s,57.6944444444444,38,0h 1m 34s 737ms,9,23,577,71,107,8m 49s,14.6805555555556,0:08:06,59.1666666666667,11,34,Sunday,57.4666666666667,3m 54s 348ms,6.37115839243498,9.64444444444444,3.06976744186047,0.558139534883721,
8/17,4m 2s,6.72222222222222,13,0h 4m 36s 923ms,0,1,42,53,89,8m 56s,14.8796296296296,0:07:37,58.5,11,33,Monday,55.6041666666667,3m 1s 531ms,4.92006475099185,8.54761904761905,2.02173913043478,0.260869565217391,
8/18,3m 16s,5.44444444444444,12,0h 5m,0,1,31,50,86,8m 7s,13.5138888888889,0:07:52,54.8333333333333,9,29,Tuesday,55.6888888888889,3m 26s 174ms,5.60863553236094,10.5111111111111,2.61363636363636,0.340909090909091,
8/19,,0,,,,,,,,,,,,,,Wednesday,57.2380952380952,3m 15s 558ms,5.19074074074074,9.97619047619048,2.46341463414634,0.439024390243902,
8/20,,0,,,,,,,,,,,,,,Thursday,56.5652173913043,3m 12s 152ms,5.19406708696023,10.0869565217391,2.52272727272727,0.431818181818182,
8/21,,0,,,,,,,,,,,,,,Friday,57.6,4m 41s 805ms,7.56366663052709,13,3.05263157894737,0.421052631578947,
8/22,,0,,,,,,,,,,,,,,Saturday,59.0975609756098,0d 0h 4m 41s 500ms,8.03931614393466,13.7560975609756,3.8974358974359,0.717948717948718,
8/23,,0,,,,,,,,,,,,,,Sunday,57.4666666666667,3m 54s 348ms,6.37115839243498,9.64444444444444,3.06976744186047,0.558139534883721,
8/24,,0,,,,,,,,,,,,,,Monday,55.6041666666667,3m 1s 531ms,4.92006475099185,8.54761904761905,2.02173913043478,0.260869565217391,
8/25,,0,,,,,,,,,,,,,,Tuesday,55.6888888888889,3m 26s 174ms,5.60863553236094,10.5111111111111,2.61363636363636,0.340909090909091,
8/26,,0,,,,,,,,,,,,,,Wednesday,57.2380952380952,3m 15s 558ms,5.19074074074074,9.97619047619048,2.46341463414634,0.439024390243902,
8/27,,0,,,,,,,,,,,,,,Thursday,56.5652173913043,3m 12s 152ms,5.19406708696023,10.0869565217391,2.52272727272727,0.431818181818182,
8/28,,0,,,,,,,,,,,,,,Friday,57.6,4m 41s 805ms,7.56366663052709,13,3.05263157894737,0.421052631578947,